Gene Symbol,Accession,,Description,
A2M,NM_000014.4,,alpha-2-macroglobulin,
AADAT,NM_016228.3,,aminoadipate aminotransferase,
AANAT,NM_001088.2,,aralkylamine N-acetyltransferase,arylalkylamine N-acetyltransferase
ABL1,NM_005157.3,,"ABL proto-oncogene 1, non-receptor tyrosine kinase","ABL;v-abl Abelson murine leukemia viral oncogene homolog 1,c-abl oncogene 1, receptor tyrosine kinase,c-abl oncogene 1, non-receptor tyrosine kinase"
ACAA2,NM_006111.2,,acetyl-CoA acyltransferase 2,acetyl-Coenzyme A acyltransferase 2
ACACA,NM_198834.1,,acetyl-CoA carboxylase alpha,"ACAC,ACC;acetyl-Coenzyme A carboxylase alpha"
ACACB,NM_001093.3,,acetyl-CoA carboxylase beta,acetyl-Coenzyme A carboxylase beta
ACADL,NM_001608.3,,acyl-CoA dehydrogenase long chain,"acyl-Coenzyme A dehydrogenase, long chain"
ACAP2,NM_012287.5,,"ArfGAP with coiled-coil, ankyrin repeat and PH domains 2","CENTB2;centaurin, beta 2"
ACAT1,NM_000019.3,,acetyl-CoA acetyltransferase 1,ACAT;acetyl-Coenzyme A acetyltransferase 1
ACAT2,NM_005891.2,,acetyl-CoA acetyltransferase 2,"acetyl-Coenzyme A acetyltransferase 2 (acetoacetyl Coenzyme A thiolase),acetyl-Coenzyme A acetyltransferase 2"
ACMSD,NM_138326.2,,aminocarboxymuconate semialdehyde decarboxylase,
ACOT12,NM_130767.2,,acyl-CoA thioesterase 12,
ACOX1,NM_004035.5,,acyl-CoA oxidase 1,"acyl-Coenzyme A oxidase 1, palmitoyl,acyl-CoA oxidase 1, palmitoyl"
ACSF3,NR_045667.2,,acyl-CoA synthetase family member 3,
ACTB,NM_001101,,"Actin, beta",
ACY1,NM_000666.2,,aminoacylase 1,
ADA,NM_000022.2,,adenosine deaminase,
ADAL,NM_001012969.2,,adenosine deaminase like,
ADH1A,NM_000667.3,,"alcohol dehydrogenase 1A (class I), alpha polypeptide",ADH1
ADH1B,NM_000668.4,,"alcohol dehydrogenase 1B (class I), beta polypeptide",ADH2
ADH1C,NM_000669.3,,"alcohol dehydrogenase 1C (class I), gamma polypeptide",ADH3
ADH4,NM_000670.3,,"alcohol dehydrogenase 4 (class II), pi polypeptide",
ADH6,NM_000672.3,,alcohol dehydrogenase 6 (class V),
ADH7,NM_000673.3,,"alcohol dehydrogenase 7 (class IV), mu or sigma polypeptide",
ADK,NM_001123.2,,adenosine kinase,
ADORA2A,NM_000675.3,,adenosine A2a receptor,ADORA2
AFMID,NM_001010982.4,,arylformamidase,
AGXT,NM_000030.2,,alanine--glyoxylate and serine--pyruvate aminotransferase,"SPAT;serine:pyruvate aminotransferase,alanine-glyoxylate aminotransferase"
AGXT2,NM_031900.3,,alanine--glyoxylate aminotransferase 2,alanine-glyoxylate aminotransferase 2
AIFM2,NM_032797,,"Apoptosis-inducing factor, mitochondrion-associated, 2",
AIP,NM_003977,,Aryl hydrocarbon receptor interacting protein,
AK3,NM_016282.2,,adenylate kinase 3,"AK6,AK3L1;adenylate kinase 6,adenylate kinase 3 like 1"
AKR1C4,NM_001818.2,,aldo-keto reductase family 1 member C4,"CHDR;aldo-keto reductase family 1, member C4 (chlordecone reductase; 3-alpha hydroxysteroid dehydrogenase, type I; dihydrodiol dehydrogenase 4)"
AKT1,NM_001014431.1,,AKT serine/threonine kinase 1,v-akt murine thymoma viral oncogene homolog 1
AKT1S1,NM_032375.3,,AKT1 substrate 1,AKT1 substrate 1 (proline-rich)
AKT2,NM_001626.4,,AKT serine/threonine kinase 2,v-akt murine thymoma viral oncogene homolog 2
AKT3,NM_005465.4,,AKT serine/threonine kinase 3,v-akt murine thymoma viral oncogene homolog 3
ALDH2,NM_000690.2,,aldehyde dehydrogenase 2 family member,aldehyde dehydrogenase 2 family (mitochondrial)
ALDOA,NM_184041.2,,"aldolase, fructose-bisphosphate A","aldolase A, fructose-bisphosphate"
ALDOB,NM_000035.3,,"aldolase, fructose-bisphosphate B","aldolase B, fructose-bisphosphate"
ALOX12,NM_000697.1,,"arachidonate 12-lipoxygenase, 12S type",arachidonate 12-lipoxygenase
ALOX15,NM_001140.3,,arachidonate 15-lipoxygenase,
ALOX5,NM_000698.2,,arachidonate 5-lipoxygenase,
AMDHD1,NM_152435.2,,amidohydrolase domain containing 1,
AMPD1,NM_000036.2,,adenosine monophosphate deaminase 1,adenosine monophosphate deaminase 1 (isoform M)
AMPD2,NM_004037.6,,adenosine monophosphate deaminase 2,adenosine monophosphate deaminase 2 (isoform L)
AMPD3,NM_000480.2,,adenosine monophosphate deaminase 3,adenosine monophosphate deaminase (isoform E)
AOC1,NM_001091.2,,amine oxidase copper containing 1,ABP1;amiloride binding protein 1 (amine oxidase (copper-containing))
AOC3,NM_001277731.1,,amine oxidase copper containing 3,
AOX1,NM_001159.3,,aldehyde oxidase 1,
AP2S1,NM_021575.2,,adaptor related protein complex 2 subunit sigma 1,"CLAPS2,HHC3;hypocalciuric hypercalcemia 3 (Oklahoma type),adaptor related protein complex 2 sigma 1 subunit"
APOA1,NM_000039.1,,apolipoprotein A1,apolipoprotein A-I
APOA2,NM_001643.1,,apolipoprotein A2,apolipoprotein A-II
APOA4,NM_000482.3,,apolipoprotein A4,apolipoprotein A-IV
APOB,NM_000384.2,,apolipoprotein B,apolipoprotein B (including Ag(x) antigen)
APOC2,NM_000483.3,,apolipoprotein C2,apolipoprotein C-II
APOC3,NM_000040.1,,apolipoprotein C3,apolipoprotein C-III
APOE,NM_000041.2,,apolipoprotein E,"AD2;Alzheimer disease 2 (APOE*E4-associated, late onset)"
APOM,NM_019101.2,,apolipoprotein M,
APRT,NM_000485.2,,adenine phosphoribosyltransferase,
AR,NM_000044.2,,androgen receptor,"DHTR,SBMA;dihydrotestosterone receptor,spinal and bulbar muscular atrophy"
ARF5,NM_001662.2,,ADP ribosylation factor 5,
ARG1,NM_000045.3,,arginase 1,"arginase, liver"
ARID1A,NM_006015.4,,AT-rich interaction domain 1A,"C1orf4,SMARCF1;SWI/SNF related, matrix associated, actin dependent regulator of chromatin, subfamily f, member 1,AT rich interactive domain 1A (SWI- like),AT rich interactive domain 1A (SWI-like)"
ARID1B,NM_020732.3,,AT-rich interaction domain 1B,AT rich interactive domain 1B (SWI1-like)
ARID2,NM_152641.2,,AT-rich interaction domain 2,"AT rich interactive domain 2 (ARID, RFX-like)"
ARPC4,NM_005718.4,,actin related protein 2/3 complex subunit 4,"actin related protein 2/3 complex, subunit 4 (20 kD),actin related protein 2/3 complex subunit 4, 20kDa"
ARRDC3,NM_020801,,Arrestin domain containing 3,
ASB1,NM_001040445,,Ankyrin repeat and SOCS box containing 1,
ASCL1,NM_004316.3,,achaete-scute family bHLH transcription factor 1,"achaete-scute complex (Drosophila) homolog-like 1,achaete-scute complex-like 1 (Drosophila),achaete-scute complex homolog 1 (Drosophila)"
ASH1L,NM_018489.2,,ASH1 like histone lysine methyltransferase,"ash1 (absent, small, or homeotic)-like (Drosophila)"
ASL,NM_000048.3,,argininosuccinate lyase,
ASMT,NM_001171039.1,,acetylserotonin O-methyltransferase,
ASNS,NM_183356.2,,asparagine synthetase (glutamine-hydrolyzing),asparagine synthetase
ASPA,NM_000049.2,,aspartoacylase,"aspartoacylase (aminoacylase 2, Canavan disease)"
ASPG,NM_001080464.2,,asparaginase,"C14orf76;chromosome 14 open reading frame 76,asparaginase homolog (S. cerevisiae)"
ASS1,NM_000050.4,,argininosuccinate synthase 1,ASS;argininosuccinate synthetase
ATF4,NM_001675.2,,activating transcription factor 4,TXREB;activating transcription factor 4 (tax-responsive enhancer element B67)
ATF7,NM_001130060.1,,activating transcription factor 7,
ATF7IP,NM_018179.3,,activating transcription factor 7 interacting protein,
ATG101,NM_021934.4,,autophagy related 101,C12orf44;chromosome 12 open reading frame 44
ATG2B,NM_018036.5,,autophagy related 2B,"C14orf103;chromosome 14 open reading frame 103,ATG2 autophagy related 2 homolog B (S. cerevisiae)"
ATOX1,NM_004045.3,,antioxidant 1 copper chaperone,"ATX1 (antioxidant protein 1, yeast) homolog 1,ATX1 antioxidant protein 1 homolog (yeast)"
ATP5A1,NM_004046,,"ATP synthase, H+ transporting, mitochondrial F1 complex, alpha subunit 1, cardiac muscle",
ATP5B,NM_001686,,"ATP synthase, H+ transporting, mitochondrial F1 complex, beta polypeptide",
ATP5C1,NM_005174,,"ATP synthase, H+ transporting, mitochondrial F1 complex, gamma polypeptide 1",
ATP5F1,NM_001688,,"ATP synthase, H+ transporting, mitochondrial Fo complex, subunit B1",
ATP5F1D,NM_001687.4,,ATP synthase F1 subunit delta,"ATP5D;ATP synthase, H+ transporting, mitochondrial F1 complex, delta subunit"
ATP5G1,NM_005175,,"ATP synthase, H+ transporting, mitochondrial Fo complex, subunit C1 (subunit 9)",
ATP5G2,NM_001002031,,"ATP synthase, H+ transporting, mitochondrial Fo complex, subunit C2 (subunit 9)",
ATP5G3,NM_001689,,"ATP synthase, H+ transporting, mitochondrial Fo complex, subunit C3 (subunit 9)",
ATP5H,NM_006356,,"ATP synthase, H+ transporting, mitochondrial Fo complex, subunit d",
ATP5I,NM_007100,,"ATP synthase, H+ transporting, mitochondrial Fo complex, subunit E",
ATP5J,NM_001685,,"ATP synthase, H+ transporting, mitochondrial Fo complex, subunit F6",
ATP5J2,NM_004889,,"ATP synthase, H+ transporting, mitochondrial Fo complex, subunit F2",
ATP5L,NM_006476,,"ATP synthase, H+ transporting, mitochondrial Fo complex, subunit G",
ATP5ME,NM_007100.3,,ATP synthase membrane subunit e,"ATP5I;ATP synthase, H+ transporting, mitochondrial F0 complex, subunit e,ATP synthase, H+ transporting, mitochondrial F0 complex, subunit E,ATP synthase, H+ transporting, mitochondrial Fo complex, subunit E,ATP synthase, H+ transporting, mitochondrial Fo complex subunit E"
ATP5IF1,,,,
ATP5O,NM_001697,,"ATP synthase, H+ transporting, mitochondrial F1 complex, O subunit",
ATP6V1F,NM_001198909.1,,ATPase H+ transporting V1 subunit F,"ATPase, H+ transporting, lysosomal 14kDa, V1 subunit F"
ATXN7,NM_001128149.2,,ataxin 7,SCA7;spinocerebellar ataxia 7 (olivopontocerebellar atrophy with retinal degeneration)
B2M,NM_004048,,Beta-2-microglobulin,
BAD,NM_004322.3,,BCL2 associated agonist of cell death,
BAK1,NM_001188,,BCL2-antagonist/killer 1,
BBC3,NM_014417,,BCL2 binding component 3,
BCL2,NM_000633,,B-cell CLL/lymphoma 2,
BCL2,NM_000657.2,,BCL2 apoptosis regulator,"B-cell CLL/lymphoma 2,BCL2, apoptosis regulator"
BCL2A1,NM_004049.2,,BCL2 related protein A1,HBPA1
BCL2L1,NM_138578.1,,BCL2 like 1,
BHMT,NM_001713.2,,betaine--homocysteine S-methyltransferase,
BHMT2,NM_001178005.1,,betaine--homocysteine S-methyltransferase 2,
BID,NM_001196,,BH3 interacting domain death agonist,
BIRC3,NM_182962.1,,baculoviral IAP repeat containing 3,API2;baculoviral IAP repeat-containing 3
BLK,NM_001715.2,,"BLK proto-oncogene, Src family tyrosine kinase",B lymphoid tyrosine kinase
BNIP3,NM_004052,,BCL2/adenovirus E1B 19kDa interacting protein 3,
BRAF,NM_004333.3,,"B-Raf proto-oncogene, serine/threonine kinase",v-raf murine sarcoma viral oncogene homolog B
BRCA1,NM_007294.3,,BRCA1 DNA repair associated,"breast cancer 1, early onset,breast cancer 1"
BRCA2,NM_000059.3,,BRCA2 DNA repair associated,"FANCD1,FACD,FANCD;Fanconi anemia, complementation group D1,breast cancer 2, early onset,breast cancer 2"
BRCC3,NM_024332.3,,BRCA1/BRCA2-containing complex subunit 3,"CXorf53;chromosome X open reading frame 53,BRCA1/BRCA2-containing complex, subunit 3"
BRIP1,NM_032043.1,,BRCA1 interacting protein C-terminal helicase 1,
BTK,NM_000061.1,,Bruton tyrosine kinase,"AGMX1,IMD1;Bruton agammaglobulinemia tyrosine kinase"
BUB1,NM_004336.3,,BUB1 mitotic checkpoint serine/threonine kinase,"BUB1L;budding uninhibited by benzimidazoles 1 (yeast homolog),budding uninhibited by benzimidazoles 1 homolog (yeast)"
BUB1B,NM_001211.4,,BUB1 mitotic checkpoint serine/threonine kinase B,"budding uninhibited by benzimidazoles 1 (yeast homolog), beta,budding uninhibited by benzimidazoles 1 homolog beta (yeast)"
CA12,NM_001218.3,,carbonic anhydrase 12,carbonic anhydrase XII
CA9,NM_001216.2,,carbonic anhydrase 9,carbonic anhydrase IX
CAB39,NM_001130849.1,,calcium binding protein 39,
CACNA1A,NM_001127221.1,,calcium voltage-gated channel subunit alpha1 A,"CACNL1A4,SCA6,MHP1,MHP;calcium channel, voltage-dependent, P/Q type, alpha 1A subunit"
CACNA1E,NM_000721.2,,calcium voltage-gated channel subunit alpha1 E,"CACNL1A6;calcium channel, voltage-dependent, R type, alpha 1E subunit,calcium voltage-gated channel subunit alpha1 subunit E"
CACNB4,NM_000726.3,,calcium voltage-gated channel auxiliary subunit beta 4,"calcium channel, voltage-dependent, beta 4 subunit"
CACNG2,NM_006078.3,,calcium voltage-gated channel auxiliary subunit gamma 2,"calcium channel, voltage-dependent, gamma subunit 2"
CACNG3,NM_006539.2,,calcium voltage-gated channel auxiliary subunit gamma 3,"calcium channel, voltage-dependent, gamma subunit 3"
CACNG7,NM_031896.3,,calcium voltage-gated channel auxiliary subunit gamma 7,"calcium channel, voltage-dependent, gamma subunit 7"
CAD,NM_004341.3,,"carbamoyl-phosphate synthetase 2, aspartate transcarbamylase, and dihydroorotase",
CARD11,NM_032415.2,,caspase recruitment domain family member 11,"caspase recruitment domain family, member 11"
CAT,NM_001752.2,,catalase,
CBL,NM_005188.2,,Cbl proto-oncogene,"CBL2;Cas-Br-M (murine) ecotropic retroviral transforming sequence,Cbl proto-oncogene, E3 ubiquitin protein ligase"
CBR4,NM_032783.4,,carbonyl reductase 4,
CCL13,NM_005408.2,,C-C motif chemokine ligand 13,"SCYA13;small inducible cytokine subfamily A (Cys-Cys), member 13,chemokine (C-C motif) ligand 13"
CCL19,NM_006274.2,,C-C motif chemokine ligand 19,"SCYA19;small inducible cytokine subfamily A (Cys-Cys), member 19,chemokine (C-C motif) ligand 19"
CCL4,NM_002984.2,,C-C motif chemokine ligand 4,"LAG1,SCYA4;small inducible cytokine A4 (homologous to mouse Mip-1b),chemokine (C-C motif) ligand 4"
CCL5,NM_002985.2,,C-C motif chemokine ligand 5,"D17S136E,SCYA5;small inducible cytokine A5 (RANTES),chemokine (C-C motif) ligand 5"
CCNA1,NM_003914.3,,cyclin A1,
CCNA2,NM_001237.2,,cyclin A2,"CCNA,CCN1"
CCNB2,NM_004701.2,,cyclin B2,
CCND1,NM_053056.2,,cyclin D1,"BCL1,D11S287E,PRAD1;cyclin D1 (PRAD1: parathyroid adenomatosis 1)"
CD14,NM_000591.2,,CD14 molecule,CD14 antigen
CD163,NM_004244.4,,CD163 molecule,CD163 antigen
CD180,NM_005582.2,,CD180 molecule,"LY64;lymphocyte antigen 64 (mouse) homolog, radioprotective, 105kD,CD180 antigen"
CD19,XM_011545981.1,,CD19 molecule,CD19 antigen
CD209,NM_001144899.1,,CD209 molecule,CD209 antigen
CD244,NM_001166663.1,,CD244 molecule,"natural killer cell receptor 2B4,CD244 natural killer cell receptor 2B4,CD244 molecule, natural killer cell receptor 2B4"
CD247,NM_000734.3,,CD247 molecule,"CD3Z;CD3z antigen, zeta polypeptide (TiT3 complex),CD247 antigen"
CD27,NM_001242.4,,CD27 molecule,"TNFRSF7;tumor necrosis factor receptor superfamily, member 7"
CD274,NM_014143.3,,CD274 molecule,"PDCD1LG1;programmed cell death 1 ligand 1,CD274 antigen"
CD276,NM_001024736.1,,CD276 molecule,CD276 antigen
CD28,NM_001243078.1,,CD28 molecule,CD28 antigen (Tp44)
CD36,NM_000072.3,,CD36 molecule,"CD36 antigen (collagen type I receptor, thrombospondin receptor),CD36 molecule (thrombospondin receptor)"
CD3D,NM_000732.4,,CD3d molecule,"T3D;CD3d antigen, delta polypeptide (TiT3 complex),CD3d molecule, delta (CD3-TCR complex)"
CD3E,NM_000733.2,,CD3e molecule,"CD3e antigen, epsilon polypeptide (TiT3 complex),CD3e molecule, epsilon (CD3-TCR complex)"
CD3G,NM_000073.2,,CD3g molecule,"CD3g antigen, gamma polypeptide (TiT3 complex),CD3g molecule, gamma (CD3-TCR complex)"
CD4,NM_000616.4,,CD4 molecule,"CD4 antigen (p55),T-cell surface glycoprotein CD4"
CD40LG,NM_000074.2,,CD40 ligand,"HIGM1,IMD3,TNFSF5;tumor necrosis factor (ligand) superfamily, member 5 (hyper-IgM syndrome)"
CD6,NM_001254751.1,,CD6 molecule,CD6 antigen
CD63,NM_001780.4,,CD63 molecule,MLA1;CD63 antigen (melanoma 1 antigen)
CD68,NM_001251.2,,CD68 molecule,CD68 antigen
CD84,NM_001184879.1,,CD84 molecule,"CD84 antigen (leukocyte antigen),CD84 molecule "
CD8A,NM_001768.6,,CD8a molecule,"CD8;CD8 antigen, alpha polypeptide (p32),T-cell surface glycoprotein CD8 alpha chain"
CD8B,NM_172099.2,,CD8b molecule,"CD8B1;CD8 antigen, beta polypeptide 1 (p37)"
CDA,NM_001785.2,,cytidine deaminase,
CDC20,NM_001255.2,,cell division cycle 20,"CDC20 (cell division cycle 20, S. cerevisiae, homolog),CDC20 cell division cycle 20 homolog (S. cerevisiae),cell division cycle 20 homolog (S. cerevisiae)"
CDCA5,NM_080668.3,,cell division cycle associated 5,
CDCA8,NM_018101.2,,cell division cycle associated 8,
CDK9,NM_001261.2,,cyclin dependent kinase 9,CDC2L4;cyclin-dependent kinase 9 (CDC2-related kinase)
CDKN2A,NM_000077,,"Cyclin-dependent kinase inhibitor 2A (melanoma, p16, inhibits CDK4)",
CEACAM3,NM_001815.3,,carcinoembryonic antigen related cell adhesion molecule 3,CGM1;carcinoembryonic antigen-related cell adhesion molecule 3
CENPA,NM_001042426.1,,centromere protein A,"centromere protein A (17kD),centromere protein A, 17kDa"
CHMP2A,NM_014453.3,,charged multivesicular body protein 2A,chromatin modifying protein 2A
CHMP6,NM_024591.4,,charged multivesicular body protein 6,chromatin modifying protein 6
CLOCK,NM_004898.2,,clock circadian regulator,"clock (mouse) homolog,clock homolog (mouse)"
CLSPN,NM_022111.2,,claspin,claspin homolog (Xenopus laevis)
CMKLR1,NM_004072.2,,chemerin chemokine-like receptor 1,chemokine-like receptor 1
COL4A1,NM_001845.4,,collagen type IV alpha 1 chain,"collagen, type IV, alpha 1"
COL6A1,NM_001848.2,,collagen type VI alpha 1 chain,"collagen, type VI, alpha 1"
COL6A3,NM_004369.3,,collagen type VI alpha 3 chain,"collagen, type VI, alpha 3"
COPS6,NM_006833.4,,COP9 signalosome subunit 6,COP9 constitutive photomorphogenic homolog subunit 6 (Arabidopsis)
COX10,NM_001303,,"COX10 homolog, cytochrome c oxidase assembly protein, heme A: farnesyltransferase (yeast)",
COX14,NM_001257133.1,,cytochrome c oxidase assembly factor COX14,"C12orf62;chromosome 12 open reading frame 62,COX14 cytochrome c oxidase assembly homolog (S. cerevisiae),COX14, cytochrome c oxidase assembly factor"
COX18,NM_173827,,COX18 cytochrome c oxidase assembly homolog (S. cerevisiae),
COX4I1,NM_001861,,Cytochrome c oxidase subunit IV isoform 1,
COX4I1,NM_001318797.1,,cytochrome c oxidase subunit 4I1,"COX4;cytochrome c oxidase subunit IV,cytochrome c oxidase subunit IV isoform 1"
COX5A,NM_004255.3,,cytochrome c oxidase subunit 5A,cytochrome c oxidase subunit Va
COX5B,NM_001862.2,,cytochrome c oxidase subunit 5B,cytochrome c oxidase subunit Vb
COX6A1,NM_004373.2,,cytochrome c oxidase subunit 6A1,COX6A;cytochrome c oxidase subunit VIa polypeptide 1
COX6A2,NM_005205,,Cytochrome c oxidase subunit VIa polypeptide 2,
COX6B1,NM_001863,,Cytochrome c oxidase subunit Vib polypeptide 1 (ubiquitous),
COX6C,NM_004374,,Cytochrome c oxidase subunit VIc,
COX7A2,NM_001865,,Cytochrome c oxidase subunit VIIa polypeptide 2 (liver),
COX7A2L,NM_004718,,Cytochrome c oxidase subunit VIIa polypeptide 2 like,
COX7B,NM_001866.2,,cytochrome c oxidase subunit 7B,cytochrome c oxidase subunit VIIb
COX7C,NM_001867.2,,cytochrome c oxidase subunit 7C,cytochrome c oxidase subunit VIIc
COX8A,NM_004074.2,,cytochrome c oxidase subunit 8A,"COX8;cytochrome c oxidase subunit VIII,cytochrome c oxidase subunit VIIIA (ubiquitous)"
CPA3,NM_001870.2,,carboxypeptidase A3,carboxypeptidase A3 (mast cell)
CPS1,NM_001875.3,,carbamoyl-phosphate synthase 1,"carbamoyl-phosphate synthetase 1, mitochondrial,carbamoyl-phosphate synthase 1, mitochondrial"
CPT1A,NM_001876.3,,carnitine palmitoyltransferase 1A,CPT1;carnitine palmitoyltransferase 1A (liver)
CPT1B,NM_004377,,Carnitine palmitoyltransferase 1B (muscle),
CPT2,NM_000098,,Carnitine palmitoyltransferase 2,
CREB3L3,NM_001271995.1,,cAMP responsive element binding protein 3 like 3,
CS,NM_004077.2,,citrate synthase,
CSF3R,NM_000760.3,,colony stimulating factor 3 receptor,CD114;colony stimulating factor 3 receptor (granulocyte)
CTCF,NM_001191022.1,,CCCTC-binding factor,CCCTC-binding factor (zinc finger protein)
CTLA4,NM_005214.3,,cytotoxic T-lymphocyte associated protein 4,"CELIAC3,IDDM12;celiac disease 3,insulin-dependent diabetes mellitus 12"
CTPS1,NM_001301237.1,,CTP synthase 1,CTPS;CTP synthase
CTSA,NM_001127695.1,,cathepsin A,"GSL,PPGB;protective protein for beta-galactosidase (galactosialidosis)"
CTSD,NM_001909.3,,cathepsin D,CPSD;cathepsin D (lysosomal aspartyl protease)
CTSL,NM_001912.4,,cathepsin L,CTSL1;cathepsin L1
CTSS,NM_004079.3,,cathepsin S,
CTSW,NM_001335.3,,cathepsin W,cathepsin W (lymphopain)
CTSZ,NM_001336.3,,cathepsin Z,
CXCL9,NM_002416.2,,C-X-C motif chemokine ligand 9,"CMK,MIG;monokine induced by gamma interferon,chemokine (C-X-C motif) ligand 9"
CXCR6,NM_006564.1,,C-X-C motif chemokine receptor 6,chemokine (C-X-C motif) receptor 6
CYB561D1,NM_182580,,Cytochrome b-561 domain containing 1,
CYBB,NM_000397.3,,cytochrome b-245 beta chain,"CGD;chronic granulomatous disease,cytochrome b-245, beta polypeptide"
CYC1,NM_001916,,Cytochrome c-1,
CYP1A1,NM_000499.3,,cytochrome P450 family 1 subfamily A member 1,"CYP1;cytochrome P450, subfamily I (aromatic compound-inducible), polypeptide 1,cytochrome P450, family 1, subfamily A, polypeptide 1"
CYP1A2,NM_000761.3,,cytochrome P450 family 1 subfamily A member 2,"cytochrome P450, subfamily I (aromatic compound-inducible), polypeptide 2,cytochrome P450, family 1, subfamily A, polypeptide 2"
CYP1B1,NM_000104.3,,cytochrome P450 family 1 subfamily B member 1,"GLC3A;cytochrome P450, subfamily I (dioxin-inducible), polypeptide 1 (glaucoma 3, primary infantile),cytochrome P450, family 1, subfamily B, polypeptide 1"
CYP4A11,NM_000778.3,,cytochrome P450 family 4 subfamily A member 11,"CYP4A2;cytochrome P450, subfamily IVA, polypeptide 11,cytochrome P450, family 4, subfamily A, polypeptide 11"
CYP4A22,NM_001010969.3,,cytochrome P450 family 4 subfamily A member 22,"cytochrome P450, family 4, subfamily A, polypeptide 22"
CYP8B1,NM_004391.2,,cytochrome P450 family 8 subfamily B member 1,"cytochrome P450, subfamily VIIIB (sterol 12-alpha-hydroxylase), polypeptide 1,cytochrome P450, family 8, subfamily B, polypeptide 1"
D2HGDH,NM_001287249.1,,D-2-hydroxyglutarate dehydrogenase,
DAO,NM_001917.4,,D-amino acid oxidase,
DCK,NM_000788.2,,deoxycytidine kinase,
DDC,NM_000790.3,,dopa decarboxylase,
DEPTOR,NM_022783.3,,DEP domain containing MTOR interacting protein,DEPDC6;DEP domain containing 6
DERA,NM_015954.2,,deoxyribose-phosphate aldolase,2-deoxyribose-5-phosphate aldolase homolog (C. elegans)
DGLUCY,NM_001102369.2,,D-glutamate cyclase,C14orf159;chromosome 14 open reading frame 159
DGUOK,NM_080916.2,,deoxyguanosine kinase,
DMGDH,NM_013391.2,,dimethylglycine dehydrogenase,
DNAJB1,NM_006145,,"DnaJ (Hsp40) homolog, subfamily B, member 1",
DNM1L,NM_005690,,Dynamin 1-like,
DTL,NM_016448.2,,denticleless E3 ubiquitin protein ligase homolog,"denticleless homolog (Drosophila),denticleless E3 ubiquitin protein ligase homolog (Drosophila)"
DUOX1,NM_175940.1,,dual oxidase 1,
DUOX2,NM_014080.4,,dual oxidase 2,
ECHS1,NM_004092.3,,"enoyl-CoA hydratase, short chain 1","enoyl Coenzyme A hydratase, short chain, 1, mitochondrial,enoyl-CoA hydratase, short chain, 1, mitochondrial"
EDN1,NM_001955,,Endothelin 1,
EEA1,NM_003566.3,,early endosome antigen 1,"early endosome antigen 1, 162kD"
EFNA4,NM_005227.2,,ephrin A4,EPLG4;ephrin-A4
EGFR,NM_201282.1,,epidermal growth factor receptor,ERBB;epidermal growth factor receptor (avian erythroblastic leukemia viral (v-erb-b) oncogene homolog)
EHHADH,NM_001166415.1,,enoyl-CoA hydratase and 3-hydroxyacyl CoA dehydrogenase,"ECHD;enoyl-Coenzyme A, hydratase/3-hydroxyacyl Coenzyme A dehydrogenase"
EME1,XM_011524392.1,,essential meiotic structure-specific endonuclease 1,essential meiotic endonuclease 1 homolog 1 (S. pombe)
ENO1,NM_001428.2,,enolase 1,"ENO1L1,MPB1;enolase 1, (alpha)"
ENO3,NM_001976.4,,enolase 3,"enolase 3, (beta, muscle),enolase 3 (beta, muscle)"
EOMES,NM_005442.2,,eomesodermin,eomesodermin (Xenopus laevis) homolog
EPC1,NM_025209.2,,enhancer of polycomb homolog 1,enhancer of polycomb homolog 1 (Drosophila)
ERCC6,NM_001277058.1,,"ERCC excision repair 6, chromatin remodeling factor","CKN2;excision repair cross-complementing rodent repair deficiency, complementation group 6,excision repair cross-complementation group 6"
ERN1,NM_001433.2,,endoplasmic reticulum to nucleus signaling 1,ER to nucleus signalling 1
EXO1,NM_003686.3,,exonuclease 1,
EZH2,NM_001203247.1,,enhancer of zeste 2 polycomb repressive complex 2 subunit,"enhancer of zeste (Drosophila) homolog 2,enhancer of zeste homolog 2 (Drosophila)"
FABP5,NM_001444.1,,fatty acid binding protein 5,fatty acid binding protein 5 (psoriasis-associated)
FAH,NM_000137.1,,fumarylacetoacetate hydrolase,
FAHD1,NM_031208.3,,fumarylacetoacetate hydrolase domain containing 1,C16orf36;chromosome 16 open reading frame 36
FAM30A,NR_026800.2,,family with sequence similarity 30 member A,"C14orf110,KIAA0125;chromosome 14 open reading frame 110,KIAA0125"
FANCA,NM_000135.2,,FA complementation group A,"FACA,FANCH;Fanconi anemia complementation group A"
FANCD2,NM_033084.3,,FA complementation group D2,"FACD,FANCD;Fanconi anemia complementation group D2"
FANCI,NM_001113378.1,,FA complementation group I,"KIAA1794;KIAA1794,Fanconi anemia complementation group I"
FASLG,NM_000639.1,,Fas ligand,"APT1LG1,TNFSF6;tumor necrosis factor (ligand) superfamily, member 6,Fas ligand (TNF superfamily, member 6)"
FASN,NM_004104.4,,fatty acid synthase,
FBP1,NM_000507.3,,fructose-bisphosphatase 1,"FBP;fructose-1,6-bisphosphatase 1"
FCAR,NM_002000.2,,Fc fragment of IgA receptor,"Fc fragment of IgA, receptor for"
FCRL2,NM_001159488.1,,Fc receptor like 2,"SPAP1;SH2 domain-containing phosphatase anchor protein 1,Fc receptor-like 2"
FDX1,NM_004109.4,,ferredoxin 1,FDX
FDXR,NM_004110.3,,ferredoxin reductase,ADXR
FGF1,NM_033137.1,,fibroblast growth factor 1,FGFA;fibroblast growth factor 1 (acidic)
FH,NM_000143.2,,fumarate hydratase,
FIS1,NM_016068,,Fission 1 (mitochondrial outer membrane) homolog (S. cerevisiae),
FLT1,NM_002019.4,,fms related tyrosine kinase 1,"FLT;fms-related tyrosine kinase 1 (vascular endothelial growth factor/vascular permeability factor receptor),fms-related tyrosine kinase 1"
FLT3,NM_004119.2,,fms related tyrosine kinase 3,fms-related tyrosine kinase 3
FNIP1,NM_001008738.2,,folliculin interacting protein 1,
FNIP2,NM_020840.1,,folliculin interacting protein 2,
FOLH1,NM_004476.1,,folate hydrolase 1,FOLH;folate hydrolase (prostate-specific membrane antigen) 1
FOLH1B,NM_153696.2,,folate hydrolase 1B,"FOLH2,FOLHP;folate hydrolase 2"
FOLR1,NM_000802.2,,folate receptor 1,FOLR;folate receptor 1 (adult)
FOLR3,NM_000804.2,,folate receptor 3,folate receptor 3 (gamma)
FOXM1,NM_202002.1,,forkhead box M1,FKHL16
FOXP3,NM_014009.3,,forkhead box P3,"IPEX;immune dysregulation, polyendocrinopathy, enteropathy, X-linked"
FPR1,NM_002029.3,,formyl peptide receptor 1,
FTCD,NM_006657.2,,formimidoyltransferase cyclodeaminase,formiminotransferase cyclodeaminase
G6PC,NM_000151.2,,glucose-6-phosphatase catalytic subunit,"G6PT;glucose-6-phosphatase, catalytic (glycogen storage disease type I, von Gierke disease)"
GABARAP,NM_007278.1,,GABA type A receptor-associated protein,GABA(A) receptor-associated protein
GAD1,NM_000817.2,,glutamate decarboxylase 1,"GAD;glutamate decarboxylase 1 (brain, 67kD),glutamate decarboxylase 1 (brain, 67kDa)"
GADD45B,NM_015675,,"Growth arrest and DNA-damage-inducible, beta",
GADL1,NM_207359.2,,glutamate decarboxylase like 1,glutamate decarboxylase-like 1
GAPDH,NM_002046,,Glyceraldehyde-3-phosphate dehydrogenase,
GAPDHS,NM_014364.4,,"glyceraldehyde-3-phosphate dehydrogenase, spermatogenic",GAPDS
GAPVD1,NM_001282679.1,,GTPase activating protein and VPS9 domains 1,
GART,NM_000819.3,,"phosphoribosylglycinamide formyltransferase, phosphoribosylglycinamide synthetase, phosphoribosylaminoimidazole synthetase","PRGS,PGFT"
GATM,NM_001482.2,,glycine amidinotransferase,
GBA,NM_001005742.2,,glucosylceramidase beta,"GLUC;glucosylceramidase,glucosidase, beta; acid (includes glucosylceramidase),glucosidase, beta, acid"
GCDH,NM_000159.2,,glutaryl-CoA dehydrogenase,glutaryl-Coenzyme A dehydrogenase
GCK,NM_000162.4,,glucokinase,"MODY2;maturity onset diabetes of the young 2,glucokinase (hexokinase 4)"
GCLC,NM_001498.2,,glutamate-cysteine ligase catalytic subunit,"GLCLC,GLCL;glutamate-cysteine ligase, catalytic subunit"
GDA,NM_001242506.2,,guanine deaminase,
GLRX,NM_002064.2,,glutaredoxin,glutaredoxin (thioltransferase)
GLS,NM_014905.3,,glutaminase,
GLS2,NM_013267.2,,glutaminase 2,"glutaminase 2 (liver, mitochondrial)"
GLUD1,NM_005271.2,,glutamate dehydrogenase 1,GLUD
GLUL,NM_001033044.2,,glutamate-ammonia ligase,GLNS;glutamate-ammonia ligase (glutamine synthase)
GLYAT,NM_005838.3,,glycine-N-acyltransferase,
GLYCTK,NR_026700.1,,glycerate kinase,
GMPR,NM_006877.3,,guanosine monophosphate reductase,
GMPR2,NM_001002001.2,,guanosine monophosphate reductase 2,
GMPS,NM_003875.2,,guanine monophosphate synthase,guanine monophosphate synthetase
GNG12,NM_018841.3,,G protein subunit gamma 12,"guanine nucleotide binding protein (G protein), gamma 12"
GNLY,NM_012483.2,,granulysin,LAG2
GNS,NM_002076.3,,glucosamine (N-acetyl)-6-sulfatase,
GOT1,NM_002079.2,,glutamic-oxaloacetic transaminase 1,"glutamic-oxaloacetic transaminase 1, soluble (aspartate aminotransferase 1),glutamic-oxaloacetic transaminase 1, soluble"
GOT2,NM_002080.2,,glutamic-oxaloacetic transaminase 2,"glutamic-oxaloacetic transaminase 2, mitochondrial (aspartate aminotransferase 2),glutamic-oxaloacetic transaminase 2, mitochondrial"
GPI,NM_000175.2,,glucose-6-phosphate isomerase,glucose phosphate isomerase
GPS1,NM_004127.4,,G protein pathway suppressor 1,
GPT,NM_005309.2,,glutamic--pyruvic transaminase,glutamic-pyruvate transaminase (alanine aminotransferase)
GPX1,NM_000581.2,,glutathione peroxidase 1,
GPX4,NM_001039847.1,,glutathione peroxidase 4,glutathione peroxidase 4 (phospholipid hydroperoxidase)
GRAP2,NM_001291826.1,,GRB2 related adaptor protein 2,
GRIN1,NM_000832.5,,glutamate ionotropic receptor NMDA type subunit 1,"NMDAR1;N-methyl-D-aspartate receptor subunit NR1,glutamate receptor, ionotropic, N-methyl D-aspartate 1"
GRPEL1,NM_025196,,"GrpE-like 1, mitochondrial (E. coli)",
GSK3B,NM_002093.2,,glycogen synthase kinase 3 beta,
GTSE1,NM_016426.5,,G2 and S-phase expressed 1,G-2 and S-phase expressed 1
GUSB,NM_000181.3,,glucuronidase beta,"glucuronidase, beta"
GYS2,NM_021957.3,,glycogen synthase 2,glycogen synthase 2 (liver)
GZMA,NM_006144.2,,granzyme A,"HFSP,CTLA3;granzyme A (granzyme 1, cytotoxic T-lymphocyte-associated serine esterase 3)"
GZMB,NM_004131.3,,granzyme B,"CTLA1,CSPB;granzyme B (granzyme 2, cytotoxic T-lymphocyte-associated serine esterase 1)"
GZMH,NM_033423.3,,granzyme H,"CTSGL2;granzyme H (cathepsin G-like 2, protein h-CCPX)"
H6PD,NM_004285.3,,hexose-6-phosphate dehydrogenase/glucose 1-dehydrogenase,"GDH;glucose dehyrogenase,hexose-6-phosphate dehydrogenase (glucose 1-dehydrogenase)"
HAAO,NM_012205.2,,"3-hydroxyanthranilate 3,4-dioxygenase",
HACD2,NM_198402.2,,3-hydroxyacyl-CoA dehydratase 2,"PTPLB;protein tyrosine phosphatase-like (proline instead of catalytic arginine), member b"
HADH,NM_001184705.2,,hydroxyacyl-CoA dehydrogenase,"HADHSC;L-3-hydroxyacyl-Coenzyme A dehydrogenase, short chain,hydroxyacyl-Coenzyme A dehydrogenase"
HDC,NM_002112.3,,histidine decarboxylase,
HERC1,NM_003922.3,,HECT and RLD domain containing E3 ubiquitin protein ligase family member 1,hect (homologous to the E6-AP (UBE3A) carboxyl terminus) domain and RCC1 (CHC1)-like domain (RLD) 1
HEXA,NM_000520.4,,hexosaminidase subunit alpha,hexosaminidase A (alpha polypeptide)
HEXB,NM_000521.3,,hexosaminidase subunit beta,hexosaminidase B (beta polypeptide)
HIF1A,NM_001530.2,,hypoxia inducible factor 1 subunit alpha,"hypoxia inducible factor 1, alpha subunit (basic helix-loop-helix transcription factor)"
HIF3A,NM_152796.2,,hypoxia inducible factor 3 subunit alpha,
HJURP,NM_018410.3,,Holliday junction recognition protein,
HK1,NM_000188.2,,hexokinase 1,
HK2,NM_000189.4,,hexokinase 2,
HK3,NM_002115.1,,hexokinase 3,hexokinase 3 (white cell)
HLA-A,NM_002116.5,,"major histocompatibility complex, class I, A",
HLA-C,NM_002117.4,,"major histocompatibility complex, class I, C","HLA-JY3,D6S204,PSORS1;psoriasis susceptibility 1"
HLA-DQA1,NM_002122.3,,"major histocompatibility complex, class II, DQ alpha 1",HLA-DQA
HLA-DRB1,NM_002124.3,,"major histocompatibility complex, class II, DR beta 1",HLA-DR1B
HLA-E,NM_005516.5,,"major histocompatibility complex, class I, E",
HMOX1,NM_002133.2,,heme oxygenase 1,heme oxygenase (decycling) 1
HNF4A,NM_178850.1,,hepatocyte nuclear factor 4 alpha,"TCF14,MODY,MODY1"
HPD,NM_002150.2,,4-hydroxyphenylpyruvate dioxygenase,PPD
HPRT1,NM_000194,,Hypoxanthine phosphoribosyltransferase 1,
HPRT1,NM_000194,,Hypoxanthine phosphoribosyltransferase 1,
HPRT1,NM_000194.1,,hypoxanthine phosphoribosyltransferase 1,HPRT
HRAS,NM_005343.2,,"HRas proto-oncogene, GTPase","HRAS1;v-Ha-ras Harvey rat sarcoma viral oncogene homolog,Harvey rat sarcoma viral oncogene homolog"
HSD11B1,NM_181755.1,,hydroxysteroid 11-beta dehydrogenase 1,"HSD11B,HSD11;hydroxysteroid (11-beta) dehydrogenase 1"
HSD17B8,NM_014234.3,,hydroxysteroid 17-beta dehydrogenase 8,"FABGL;FabG (beta-ketoacyl-[acyl-carrier-protein] reductase, E coli) like (E. coli),hydroxysteroid (17-beta) dehydrogenase 8"
HSF1,XM_011517006.1,,heat shock transcription factor 1,
HSF2,NM_001135564.1,,heat shock transcription factor 2,
HSP90AA1,NM_001017963,,"Heat shock protein 90kDa alpha (cytosolic), class A member 1",
HSPA1A,NM_005345,,Heat shock 70kDa protein 1A,
HSPA1B,NM_005346,,Heat shock 70kDa protein 1B,
HSPA2,NM_021979.3,,heat shock protein family A (Hsp70) member 2,"heat shock 70kD protein 2,heat shock 70kDa protein 2"
HSPA4,NM_002154.3,,heat shock protein family A (Hsp70) member 4,"heat shock 70kD protein 4,heat shock 70kDa protein 4"
HSPD1,NM_002156,,Heat shock 60kDa protein 1 (chaperonin),
HSPE1,NM_002157.2,,heat shock protein family E (Hsp10) member 1,"heat shock 10kD protein 1 (chaperonin 10),heat shock 10kDa protein 1"
ICOS,NM_012092.2,,inducible T cell costimulator,inducible T-cell costimulator
IDH1,NM_005896.3,,"isocitrate dehydrogenase (NADP(+)) 1, cytosolic","isocitrate dehydrogenase 1 (NADP+), soluble,isocitrate dehydrogenase 1 (NADP+)"
IDH2,NM_002168.2,,"isocitrate dehydrogenase (NADP(+)) 2, mitochondrial","isocitrate dehydrogenase 2 (NADP+), mitochondrial"
IDH3A,NM_005530.2,,isocitrate dehydrogenase 3 (NAD(+)) alpha,isocitrate dehydrogenase 3 (NAD+) alpha
IDH3B,NM_001258384.1,,isocitrate dehydrogenase 3 (NAD(+)) beta,isocitrate dehydrogenase 3 (NAD+) beta
IDH3G,NM_004135.2,,isocitrate dehydrogenase 3 (NAD(+)) gamma,isocitrate dehydrogenase 3 (NAD+) gamma
IDNK,NM_001001551.3,,IDNK gluconokinase,"C9orf103;chromosome 9 open reading frame 103,idnK, gluconokinase homolog (E. coli),IDNK, gluconokinase"
IDO1,NM_002164.5,,"indoleamine 2,3-dioxygenase 1","IDO,INDO;indoleamine-pyrrole 2,3 dioxygenase"
IDO2,NM_194294.2,,"indoleamine 2,3-dioxygenase 2","INDOL1;indoleamine-pyrrole 2,3 dioxygenase-like 1"
IFNG,NM_000619.2,,interferon gamma,
IL10,NM_000572.2,,interleukin 10,
IL2,NM_000586.2,,interleukin 2,
IL21R,NM_021798.2,,interleukin 21 receptor,
IL2RA,NM_000417.1,,interleukin 2 receptor subunit alpha,"IL2R,IDDM10;insulin-dependent diabetes mellitus 10,interleukin 2 receptor, alpha"
IL4,NM_000589.2,,interleukin 4,
IL4I1,NM_152899.1,,interleukin 4 induced 1,
IL6,NM_000600.3,,interleukin 6,"IFNB2;interleukin 6 (interferon, beta 2)"
IL7,NM_000880.3,,interleukin 7,
IMMP1L,NM_144981,,IMP1 inner mitochondrial membrane peptidase-like (S. cerevisiae),
IMMP2L,NM_032549,,IMP2 inner mitochondrial membrane peptidase-like (S. cerevisiae),
IMPDH1,NM_000883.3,,inosine monophosphate dehydrogenase 1,"RP10;retinitis pigmentosa 10 (autosomal dominant),IMP (inosine 5'-monophosphate) dehydrogenase 1"
IMPDH2,NM_000884.2,,inosine monophosphate dehydrogenase 2,IMP (inosine 5'-monophosphate) dehydrogenase 2
INMT,NM_006774.4,,indolethylamine N-methyltransferase,
INSR,NM_000208.2,,insulin receptor,
IRF1,NM_002198.2,,interferon regulatory factor 1,
IRF4,NM_002460.1,,interferon regulatory factor 4,MUM1
ITCH,NM_001257138.1,,itchy E3 ubiquitin protein ligase,"itchy (mouse homolog) E3 ubiquitin protein ligase,itchy E3 ubiquitin protein ligase homolog (mouse)"
ITGA1,NM_181501.1,,integrin subunit alpha 1,"integrin, alpha 1"
ITGA11,NM_012211.3,,integrin subunit alpha 11,"integrin, alpha 11"
ITGAM,NM_000632.3,,integrin subunit alpha M,"CR3A,CD11B;integrin, alpha M (complement component receptor 3, alpha; also known as CD11b (p170), macrophage antigen alpha polypeptide),integrin, alpha M (complement component 3 receptor 3 subunit)"
ITGB1,NM_002211.3,,integrin subunit beta 1,"FNRB,MSK12,MDF2;integrin, beta 1 (fibronectin receptor, beta polypeptide, antigen CD29 includes MDF2, MSK12)"
ITGB2,NM_000211.2,,integrin subunit beta 2,"CD18,MFI7;integrin, beta 2 (antigen CD18 (p95), lymphocyte function-associated antigen 1; macrophage antigen 1 (mac-1) beta subunit),integrin, beta 2 (complement component 3 receptor 3 and 4 subunit)"
ITGB5,NM_002213.3,,integrin subunit beta 5,"integrin, beta 5"
ITK,NM_005546.3,,IL2 inducible T cell kinase,"IL2-inducible T-cell kinase,IL2 inducible T-cell kinase"
JAK2,NM_004972.3,,Janus kinase 2,
KANSL1,NM_001193465.1,,KAT8 regulatory NSL complex subunit 1,KIAA1267;KIAA1267
KAT6A,NM_001099412.1,,lysine acetyltransferase 6A,"ZNF220,RUNXBP2,MYST3;runt-related transcription factor binding protein 2,MYST histone acetyltransferase (monocytic leukemia) 3,K(lysine) acetyltransferase 6A"
KDM3B,NM_016604.3,,lysine demethylase 3B,"C5orf7,JMJD1B;chromosome 5 open reading frame 7,jumonji domain containing 1B,lysine (K)-specific demethylase 3B"
KEAP1,NM_012289.3,,kelch like ECH associated protein 1,
KIF2C,NM_006845.3,,kinesin family member 2C,KNSL6;kinesin-like 6 (mitotic centromere-associated kinesin)
KIR3DL1/2,NM_001322168.1,,"killer cell immunoglobulin like receptor, three Ig domains and long cytoplasmic tail 1/2","KIR;killer cell immunoglobulin-like receptor, three domains, long cytoplasmic tail, 1"
KIR3DL3,NM_153443.3,,"killer cell immunoglobulin like receptor, three Ig domains and long cytoplasmic tail 3","killer cell immunoglobulin-like receptor, three domains, long cytoplasmic tail, 3"
KLRB1,NM_002258.2,,killer cell lectin like receptor B1,"NKR;killer cell lectin-like receptor subfamily B, member 1"
KLRD1,NM_007334.2,,killer cell lectin like receptor D1,"CD94;killer cell lectin-like receptor subfamily D, member 1"
KLRK1,NM_007360.1,,killer cell lectin like receptor K1,"D12S2489E;DNA segment on chromosome 12 (unique) 2489 expressed sequence,killer cell lectin-like receptor subfamily K, member 1"
KMO,NM_003679.3,,kynurenine 3-monooxygenase,kynurenine 3-monooxygenase (kynurenine 3-hydroxylase)
KMT2A,NM_005933.2,,lysine methyltransferase 2A,"MLL;myeloid/lymphoid or mixed-lineage leukemia (trithorax (Drosophila) homolog),myeloid/lymphoid or mixed-lineage leukemia (trithorax homolog, Drosophila),lysine (K)-specific methyltransferase 2A"
KMT2D,NM_003482.3,,lysine methyltransferase 2D,"TNRC21,MLL2;trinucleotide repeat containing 21,myeloid/lymphoid or mixed-lineage leukemia 2,lysine (K)-specific methyltransferase 2D"
KMT2E,NM_018682.3,,lysine methyltransferase 2E,"MLL5;myeloid/lymphoid or mixed-lineage leukemia 5 (trithorax homolog, Drosophila),lysine (K)-specific methyltransferase 2E"
KPNA2,NM_002266.2,,karyopherin subunit alpha 2,"RCH1;karyopherin alpha 2 (RAG cohort 1, importin alpha 1),karyopherin alpha 2"
KRAS,NM_033360.2,,"KRAS proto-oncogene, GTPase","KRAS2;v-Ki-ras2 Kirsten rat sarcoma 2 viral oncogene homolog,v-Ki-ras2 Kirsten rat sarcoma viral oncogene homolog,Kirsten rat sarcoma viral oncogene homolog"
KRT1,NM_006121.2,,keratin 1,"EHK1;epidermolytic hyperkeratosis 1,keratin 1, type II"
KYAT1,NM_004059.4,,kynurenine aminotransferase 1,"CCBL1;cysteine conjugate-beta lyase; cytoplasmic (glutamine transaminase K, kyneurenine aminotransferase),cysteine conjugate beta lyase 1"
KYAT3,NM_001008661.2,,kynurenine aminotransferase 3,CCBL2;cysteine conjugate beta lyase 2
KYNU,NM_003937.2,,kynureninase,kynureninase (L-kynurenine hydrolase)
L2HGDH,NM_024884.2,,L-2-hydroxyglutarate dehydrogenase,C14orf160;chromosome 14 open reading frame 160
LAG3,NM_002286.5,,lymphocyte activating 3,lymphocyte-activation gene 3
LAMA4,NM_001105209.1,,laminin subunit alpha 4,"laminin, alpha 4"
LAMB1,NM_002291.2,,laminin subunit beta 1,"CLM;cutis laxa with marfanoid phenotype,laminin, beta 1"
LAMC1,NM_002293.3,,laminin subunit gamma 1,"LAMB2;laminin, gamma 1 (formerly LAMB2)"
LAMTOR2,NM_001145264.1,,"late endosomal/lysosomal adaptor, MAPK and MTOR activator 2",ROBLD3;roadblock domain containing 3
LAMTOR4,NM_001008395.2,,"late endosomal/lysosomal adaptor, MAPK and MTOR activator 4",C7orf59;chromosome 7 open reading frame 59
LAMTOR5,NM_006402.2,,"late endosomal/lysosomal adaptor, MAPK and MTOR activator 5",HBXIP;hepatitis B virus x interacting protein
LAT,NM_001014987.1,,linker for activation of T cells,
LCK,NM_005356.2,,"LCK proto-oncogene, Src family tyrosine kinase",lymphocyte-specific protein tyrosine kinase
LDHA,NM_001165414.1,,lactate dehydrogenase A,
LDHB,NM_001174097.1,,lactate dehydrogenase B,
LDHC,NM_002301.2,,lactate dehydrogenase C,
LEPR,NM_001003679.1,,leptin receptor,
LRP5L,NM_182492,,Low density lipoprotein receptor-related protein 5-like,
LRPPRC,NM_133259,,Leucine-rich PPR-motif containing,
LTA,NM_000595.2,,lymphotoxin alpha,"TNFB;lymphotoxin alpha (TNF superfamily, member 1)"
LTA4H,NM_001256643.1,,leukotriene A4 hydrolase,
LTB,NM_002341.1,,lymphotoxin beta,TNFC
LTC4S,NM_145867.1,,leukotriene C4 synthase,
LY86,NM_004271.3,,lymphocyte antigen 86,
LY96,NM_015364.2,,lymphocyte antigen 96,
MAP1LC3B,NM_022818.4,,microtubule associated protein 1 light chain 3 beta,
MAP2K1,NM_002755.2,,mitogen-activated protein kinase kinase 1,PRKMK1
MAP2K2,NM_030662.3,,mitogen-activated protein kinase kinase 2,PRKMK2
MAP2K3,NM_145109.1,,mitogen-activated protein kinase kinase 3,PRKMK3
MAP3K12,NM_006301.2,,mitogen-activated protein kinase kinase kinase 12,ZPK
MAPK1,NM_138957.2,,mitogen-activated protein kinase 1,"PRKM2,PRKM1"
MAPK8,NM_002750.2,,mitogen-activated protein kinase 8,PRKM8
MAPK8IP1,NM_005456.2,,mitogen-activated protein kinase 8 interacting protein 1,PRKM8IP
MAPKAP1,NM_001006617.1,,mitogen-activated protein kinase associated protein 1,
MAPT,NM_016834.3,,microtubule associated protein tau,"DDPAC,MAPTL"
MAT1A,NM_000429.2,,methionine adenosyltransferase 1A,"methionine adenosyltransferase I, alpha"
MAT2A,NM_005911.4,,methionine adenosyltransferase 2A,"methionine adenosyltransferase II, alpha"
MCAT,NM_014507.3,,malonyl-CoA-acyl carrier protein transacylase,malonyl CoA:ACP acyltransferase (mitochondrial)
ME2,NM_002396.3,,malic enzyme 2,"malic enzyme 2, NAD(+)-dependent, mitochondrial"
MFN1,NM_033540,,Mitofusin 1,
MFN2,NM_014874,,Mitofusin 2,
MGST3,NM_004528.2,,microsomal glutathione S-transferase 3,
MIPEP,NM_005932,,Mitochondrial intermediate peptidase,
MKI67,NM_002417.2,,marker of proliferation Ki-67,antigen identified by monoclonal antibody Ki-67
MLST8,NM_001199173.1,,"MTOR associated protein, LST8 homolog","MTOR associated protein, LST8 homolog (S. cerevisiae)"
MLYCD,NM_012213.2,,malonyl-CoA decarboxylase,
MPC1,NM_016098.2,,mitochondrial pyruvate carrier 1,BRP44L;brain protein 44-like
MPC2,NM_001143674.1,,mitochondrial pyruvate carrier 2,BRP44;brain protein 44
MPO,NM_000250.1,,myeloperoxidase,
MPV17,NM_002437,,MpV17 mitochondrial inner membrane protein,
MRAS,NM_001085049.2,,muscle RAS oncogene homolog,
MS4A1,NM_152866.2,,membrane spanning 4-domains A1,"CD20;membrane-spanning 4-domains, subfamily A, member 1"
MS4A2,NM_000139.3,,membrane spanning 4-domains A2,"FCER1B,IGER,APY;IgE responsiveness (atopic),membrane-spanning 4-domains, subfamily A, member 2 (Fc fragment of IgE, high affinity I, receptor for; beta polypeptide),membrane-spanning 4-domains, subfamily A, member 2"
MS4A4A,NM_024021.2,,membrane spanning 4-domains A4A,"MS4A4;membrane-spanning 4-domains, subfamily A, member 4,membrane-spanning 4-domains, subfamily A, member 4A"
MSH2,NM_000251.1,,mutS homolog 2,"COCA1;mutS (E. coli) homolog 2 (colon cancer, nonpolyposis type 1),mutS homolog 2, colon cancer, nonpolyposis type 1 (E. coli)"
MSRB2,NM_012228.3,,methionine sulfoxide reductase B2,MSRB;methionine sulfoxide reductase B
MSTO1,NM_018116,,Misato homolog 1 (Drosophila),
MTF1,NM_005955.2,,metal regulatory transcription factor 1,
MTOR,NM_004958.3,,mechanistic target of rapamycin kinase,"FRAP,FRAP2,FRAP1;FK506 binding protein 12-rapamycin associated protein 1,mechanistic target of rapamycin (serine/threonine kinase),mechanistic target of rapamycin"
MTX2,NM_006554,,Metaxin 2,
MYB,NM_001130173.1,,"MYB proto-oncogene, transcription factor",v-myb avian myeloblastosis viral oncogene homolog
MYBL1,NM_001080416.3,,MYB proto-oncogene like 1,v-myb avian myeloblastosis viral oncogene homolog-like 1
MYBL2,NM_002466.2,,MYB proto-oncogene like 2,v-myb avian myeloblastosis viral oncogene homolog-like 2
MYC,NM_002467.3,,"MYC proto-oncogene, bHLH transcription factor",v-myc avian myelocytomatosis viral oncogene homolog
MYCL,NM_001033081.2,,"MYCL proto-oncogene, bHLH transcription factor","MYCL1;v-myc avian myelocytomatosis viral oncogene homolog 1, lung carcinoma derived"
MYCN,NM_005378.4,,"MYCN proto-oncogene, bHLH transcription factor",NMYC;v-myc avian myelocytomatosis viral oncogene neuroblastoma derived homolog
MYD88,NM_002468.3,,MYD88 innate immune signal transduction adaptor,"myeloid differentiation primary response gene (88),myeloid differentiation primary response 88"
NAALAD2,NM_005467.3,,N-acetylated alpha-linked acidic dipeptidase 2,
NADK,NM_001198993.1,,NAD kinase,
NADK2,NM_153013.3,,"NAD kinase 2, mitochondrial","C5orf33,NADKD1;chromosome 5 open reading frame 33,NAD kinase domain containing 1"
NAGLU,NM_000263.3,,N-acetyl-alpha-glucosaminidase,"N-acetylglucosaminidase, alpha"
NAT8L,NM_178557.3,,N-acetyltransferase 8 like,"N-acetyltransferase 8-like (GCN5-related, putative)"
NCAPH,NM_015341.3,,non-SMC condensin I complex subunit H,"BRRN1;barren (Drosophila) homolog,barren homolog (Drosophila),barren homolog 1 (Drosophila),non-SMC condensin I complex, subunit H"
NCOA2,NM_006540.2,,nuclear receptor coactivator 2,
NCOR1,NM_006311.3,,nuclear receptor corepressor 1,nuclear receptor co-repressor 1
NCR1,NM_004829.5,,natural cytotoxicity triggering receptor 1,LY94;lymphocyte antigen 94 (mouse) homolog (activating NK-receptor; NK-p46)
NDC1,NM_001168551.1,,NDC1 transmembrane nucleoporin,TMEM48;transmembrane protein 48
NDUFA1,NM_004541,,"NADH dehydrogenase (ubiquinone) 1 alpha subcomplex, 1, 7.5kDa",
NDUFA1,NM_004541.3,,NADH:ubiquinone oxidoreductase subunit A1,"NADH dehydrogenase (ubiquinone) 1 alpha subcomplex, 1 (7.5kD, MWFE),NADH dehydrogenase (ubiquinone) 1 alpha subcomplex, 1, 7.5kDa"
NDUFA10,NM_004544,,"NADH dehydrogenase (ubiquinone) 1 alpha subcomplex, 10, 42kDa",
NDUFA11,NM_175614.4,,NADH:ubiquinone oxidoreductase subunit A11,"NADH dehydrogenase (ubiquinone) 1 alpha subcomplex, 11, 14.7kDa"
NDUFA12,NM_018838.3,,NADH:ubiquinone oxidoreductase subunit A12,"NADH dehydrogenase (ubiquinone) 1 alpha subcomplex, 12"
NDUFA13,NM_015965.6,,NADH:ubiquinone oxidoreductase subunit A13,"NADH dehydrogenase (ubiquinone) 1 alpha subcomplex, 13"
NDUFA2,NM_001185012.1,,NADH:ubiquinone oxidoreductase subunit A2,"NADH dehydrogenase (ubiquinone) 1 alpha subcomplex, 2 (8kD, B8),NADH dehydrogenase (ubiquinone) 1 alpha subcomplex, 2, 8kDa"
NDUFA3,NM_004542.3,,NADH:ubiquinone oxidoreductase subunit A3,"NADH dehydrogenase (ubiquinone) 1 alpha subcomplex, 3 (9kD, B9),NADH dehydrogenase (ubiquinone) 1 alpha subcomplex, 3, 9kDa"
NDUFA4,NM_002489.2,,NDUFA4 mitochondrial complex associated,"NADH dehydrogenase (ubiquinone) 1 alpha subcomplex, 4 (9kD, MLRQ),NADH dehydrogenase (ubiquinone) 1 alpha subcomplex, 4, 9kDa,NDUFA4, mitochondrial complex associated"
NDUFA5,NM_005000,,"NADH dehydrogenase (ubiquinone) 1 alpha subcomplex, 5, 13kDa",
NDUFA6,NM_002490.3,,NADH:ubiquinone oxidoreductase subunit A6,"NADH dehydrogenase (ubiquinone) 1 alpha subcomplex, 6 (14kD, B14),NADH dehydrogenase (ubiquinone) 1 alpha subcomplex, 6, 14kDa"
NDUFA7,NM_005001.2,,NADH:ubiquinone oxidoreductase subunit A7,"NADH dehydrogenase (ubiquinone) 1 alpha subcomplex, 7 (14.5kD, B14.5a),NADH dehydrogenase (ubiquinone) 1 alpha subcomplex, 7, 14.5kDa"
NDUFA8,NM_014222,,"NADH dehydrogenase (ubiquinone) 1 alpha subcomplex, 8, 19kDa",
NDUFAB1,NM_005003,,"NADH dehydrogenase (ubiquinone) 1, alpha/beta subcomplex, 1, 8kDa",
NDUFB1,NM_004545.3,,NADH:ubiquinone oxidoreductase subunit B1,"NADH dehydrogenase (ubiquinone) 1 beta subcomplex, 1 (7kD, MNLL),NADH dehydrogenase (ubiquinone) 1 beta subcomplex, 1, 7kDa"
NDUFB10,NM_004548.2,,NADH:ubiquinone oxidoreductase subunit B10,"NADH dehydrogenase (ubiquinone) 1 beta subcomplex, 10 (22kD, PDSW),NADH dehydrogenase (ubiquinone) 1 beta subcomplex, 10, 22kDa"
NDUFB11,NM_001135998.1,,NADH:ubiquinone oxidoreductase subunit B11,"NADH dehydrogenase (ubiquinone) 1 beta subcomplex, 11, 17.3kDa"
NDUFB2,NM_004546.2,,NADH:ubiquinone oxidoreductase subunit B2,"NADH dehydrogenase (ubiquinone) 1 beta subcomplex, 2 (8kD, AGGG),NADH dehydrogenase (ubiquinone) 1 beta subcomplex, 2, 8kDa"
NDUFB3,NM_002491,,"NADH dehydrogenase (ubiquinone) 1 beta subcomplex, 3, 12kDa",
NDUFB4,NM_004547,,"NADH dehydrogenase (ubiquinone) 1 beta subcomplex, 4, 15kDa",
NDUFB4,NM_004547.4,,NADH:ubiquinone oxidoreductase subunit B4,"NADH dehydrogenase (ubiquinone) 1 beta subcomplex, 4 (15kD, B15),NADH dehydrogenase (ubiquinone) 1 beta subcomplex, 4, 15kDa"
NDUFB5,NM_002492,,"NADH dehydrogenase (ubiquinone) 1 beta subcomplex, 5, 16kDa",
NDUFB6,NM_182739,,"NADH dehydrogenase (ubiquinone) 1 beta subcomplex, 6, 17kDa",
NDUFB7,NM_004146.5,,NADH:ubiquinone oxidoreductase subunit B7,"NADH dehydrogenase (ubiquinone) 1 beta subcomplex, 7 (18kD, B18),NADH dehydrogenase (ubiquinone) 1 beta subcomplex, 7, 18kDa"
NDUFB8,NM_001284367.1,,NADH:ubiquinone oxidoreductase subunit B8,"NADH dehydrogenase (ubiquinone) 1 beta subcomplex, 8 (19kD, ASHI),NADH dehydrogenase (ubiquinone) 1 beta subcomplex, 8, 19kDa"
NDUFB9,NM_005005,,"NADH dehydrogenase (ubiquinone) 1 beta subcomplex, 9, 22kDa",
NDUFC1,NM_002494,,"NADH dehydrogenase (ubiquinone) 1, subcomplex unknown, 1, 6kDa",
NDUFC2,NM_004549,,"NADH dehydrogenase (ubiquinone) 1, subcomplex unknown, 2, 14.5kDa",
NDUFS1,NM_005006,,"NADH dehydrogenase (ubiquinone) Fe-S protein 1, 75kDa (NADH-coenzyme Q reductase)",
NDUFS2,NM_004550,,"NADH dehydrogenase (ubiquinone) Fe-S protein 2, 49kDa (NADH-coenzyme Q reductase)",
NDUFS3,NM_004551,,"NADH dehydrogenase (ubiquinone) Fe-S protein 3, 30kDa (NADH-coenzyme Q reductase)",
NDUFS4,NM_002495,,"NADH dehydrogenase (ubiquinone) Fe-S protein 4, 18kDa (NADH-coenzyme Q reductase)",
NDUFS5,NM_004552,,"NADH dehydrogenase (ubiquinone) Fe-S protein 5, 15kDa (NADH-coenzyme Q reductase)",
NDUFS6,NM_004553,,"NADH dehydrogenase (ubiquinone) Fe-S protein 6, 13kDa (NADH-coenzyme Q reductase)",
NDUFS7,NM_024407.4,,NADH:ubiquinone oxidoreductase core subunit S7,"NADH dehydrogenase (ubiquinone) Fe-S protein 7 (20kD) (NADH-coenzyme Q reductase),NADH dehydrogenase (ubiquinone) Fe-S protein 7, 20kDa (NADH-coenzyme Q reductase)"
NDUFS8,NM_002496.3,,NADH:ubiquinone oxidoreductase core subunit S8,"NADH dehydrogenase (ubiquinone) Fe-S protein 8 (23kD) (NADH-coenzyme Q reductase),NADH dehydrogenase (ubiquinone) Fe-S protein 8, 23kDa (NADH-coenzyme Q reductase)"
NDUFV1,NM_007103,,"NADH dehydrogenase (ubiquinone) flavoprotein 1, 51kDa",
NDUFV2,NM_021074,,"NADH dehydrogenase (ubiquinone) flavoprotein 2, 24kDa",
NDUFV3,NM_021075,,"NADH dehydrogenase (ubiquinone) flavoprotein 3, 10kDa",
NEDD8,NM_006156.2,,"neural precursor cell expressed, developmentally down-regulated 8",
NEFL,NM_006158,,"Neurofilament, light polypeptide",
NEU1,NM_000434.3,,neuraminidase 1,"NEU;sialidase 1 (lysosomal sialidase),neuraminidase 1 (lysosomal sialidase)"
NFAT5,NM_173214.1,,nuclear factor of activated T cells 5,"nuclear factor of activated T-cells 5, tonicity-responsive,nuclear factor of activated T-cells 5"
NFE2L2,NM_006164.3,,"nuclear factor, erythroid 2 like 2","nuclear factor (erythroid-derived 2)-like 2,nuclear factor, erythroid 2-like 2"
NFKB1,NM_003998.2,,nuclear factor kappa B subunit 1,nuclear factor of kappa light polypeptide gene enhancer in B-cells 1
NFKB2,NM_002502.2,,nuclear factor kappa B subunit 2,nuclear factor of kappa light polypeptide gene enhancer in B-cells 2 (p49/p100)
NFS1,NM_021100.3,,NFS1 cysteine desulfurase,"nitrogen fixation 1 (S. cerevisiae, homolog),NFS1 nitrogen fixation 1 homolog (S. cerevisiae)"
NGFR,NM_002507.3,,nerve growth factor receptor,"nerve growth factor receptor (TNFR superfamily, member 16)"
NKG7,NM_005601.3,,natural killer cell granule protein 7,natural killer cell group 7 sequence
NME1,NM_000269.2,,NME/NM23 nucleoside diphosphate kinase 1,"non-metastatic cells 1, protein (NM23A) expressed in"
NME2,NM_001018137.2,,NME/NM23 nucleoside diphosphate kinase 2,"non-metastatic cells 2, protein (NM23B) expressed in"
NOD2,NM_001293557.1,,nucleotide binding oligomerization domain containing 2,"IBD1,CARD15;caspase recruitment domain family, member 15"
NOS1,NM_000620.4,,nitric oxide synthase 1,NOS;nitric oxide synthase 1 (neuronal)
NOS2,NM_000625.4,,nitric oxide synthase 2,"NOS2A;nitric oxide synthase 2A (inducible, hepatocytes),nitric oxide synthase 2, inducible"
NOS3,NM_000603.4,,nitric oxide synthase 3,nitric oxide synthase 3 (endothelial cell)
NOX1,NM_007052.4,,NADPH oxidase 1,
NOX3,NM_015718.2,,NADPH oxidase 3,
NOX4,NM_001143836.2,,NADPH oxidase 4,
NPM1,NM_002520.6,,nucleophosmin 1,"nucleophosmin (nucleolar phosphoprotein B23, numatrin),nucleophosmin"
NPR1,NM_000906.3,,natriuretic peptide receptor 1,"ANPRA,NPRA;atrionatriuretic peptide receptor A,natriuretic peptide receptor A"
NPR2,NM_003995.3,,natriuretic peptide receptor 2,"ANPRB,NPRB,AMDM;acromesomelic dysplasia, Maroteaux type,atrionatriuretic peptide receptor B,natriuretic peptide receptor B"
NQO1,NM_000903.2,,NAD(P)H quinone dehydrogenase 1,"NMOR1,DIA4;diaphorase (NADH/NADPH) (cytochrome b-5 reductase),NAD(P)H dehydrogenase, quinone 1"
NR2F1,NM_005654.4,,nuclear receptor subfamily 2 group F member 1,"ERBAL3,TFCOUP1;nuclear receptor subfamily 2, group F, member 1"
NRAS,NM_002524.3,,"NRAS proto-oncogene, GTPase","neuroblastoma RAS viral (v-ras) oncogene homolog,neuroblastoma RAS viral oncogene homolog"
NRF1,NM_001040110.1,,nuclear respiratory factor 1,
NSD1,NM_022455.4,,nuclear receptor binding SET domain protein 1,STO;Sotos syndrome
NT5E,NM_002526.2,,5'-nucleotidase ecto,"NT5;5' nucleotidase (CD73),5'-nucleotidase, ecto (CD73)"
NUP205,NM_015135.1,,nucleoporin 205,"C7orf14;chromosome 7 open reading frame 14,nucleoporin 205kDa"
NUP62,NM_016553.3,,nucleoporin 62,nucleoporin 62kDa
OAT,NM_000274.3,,ornithine aminotransferase,
ODC1,NM_002539.1,,ornithine decarboxylase 1,
OGDH,NM_001003941.2,,oxoglutarate dehydrogenase,oxoglutarate (alpha-ketoglutarate) dehydrogenase (lipoamide)
OGDHL,NM_018245.2,,oxoglutarate dehydrogenase like,
OPA1,NM_130837,,Optic atrophy 1 (autosomal dominant),
OTC,NM_000531.5,,ornithine carbamoyltransferase,
PAH,NM_000277.1,,phenylalanine hydroxylase,
PCK1,NM_002591.2,,phosphoenolpyruvate carboxykinase 1,phosphoenolpyruvate carboxykinase 1 (soluble)
PCK2,NM_004563.2,,"phosphoenolpyruvate carboxykinase 2, mitochondrial",phosphoenolpyruvate carboxykinase 2 (mitochondrial)
PCLAF,NM_014736.5,,PCNA clamp associated factor,KIAA0101;KIAA0101
PDCD1,NM_005018.2,,programmed cell death 1,SLEB2;systemic lupus erythematosus susceptibility 2
PDCD1LG2,NM_025239.3,,programmed cell death 1 ligand 2,
PDGFB,NM_033016.2,,platelet derived growth factor subunit B,"SIS;platelet-derived growth factor beta polypeptide (simian sarcoma viral (v-sis) oncogene homolog),platelet-derived growth factor beta polypeptide"
PDGFRB,NM_002609.3,,platelet derived growth factor receptor beta,"PDGFR;platelet-derived growth factor receptor, beta polypeptide"
PDHA1,NM_000284.3,,pyruvate dehydrogenase E1 alpha 1 subunit,"PDHA;pyruvate dehydrogenase (lipoamide) alpha 1,pyruvate dehydrogenase alpha 1"
PDK1,NM_002610.3,,pyruvate dehydrogenase kinase 1,"pyruvate dehydrogenase kinase, isoenzyme 1,pyruvate dehydrogenase kinase, isozyme 1"
PDK2,NM_002611.3,,pyruvate dehydrogenase kinase 2,"pyruvate dehydrogenase kinase, isoenzyme 2,pyruvate dehydrogenase kinase, isozyme 2"
PDK3,NM_005391.1,,pyruvate dehydrogenase kinase 3,"pyruvate dehydrogenase kinase, isoenzyme 3,pyruvate dehydrogenase kinase, isozyme 3"
PDK4,NM_002612.3,,pyruvate dehydrogenase kinase 4,"pyruvate dehydrogenase kinase, isoenzyme 4,pyruvate dehydrogenase kinase, isozyme 4"
PDP1,NM_001161778.1,,pyruvate dehyrogenase phosphatase catalytic subunit 1,"PPM2C;protein phosphatase 2C, magnesium-dependent, catalytic subunit"
PDPK1,NM_002613.3,,3-phosphoinositide dependent protein kinase 1,
PEBP1,NM_002567.2,,phosphatidylethanolamine binding protein 1,PBP;prostatic binding protein
PEMT,NM_148173.1,,phosphatidylethanolamine N-methyltransferase,
PFKFB1,NM_002625.2,,"6-phosphofructo-2-kinase/fructose-2,6-biphosphatase 1",PFRX
PFKL,NM_001002021.1,,"phosphofructokinase, liver type",
PFKM,NM_000289.5,,"phosphofructokinase, muscle","PFKX;phosphofructokinase, polypeptide X"
PGAM2,NM_000290.3,,phosphoglycerate mutase 2,phosphoglycerate mutase 2 (muscle)
PGD,NM_002631.2,,phosphogluconate dehydrogenase,
PGK1,NM_000291.2,,phosphoglycerate kinase 1,
PGM2,NM_018290.3,,phosphoglucomutase 2,
PHGDH,NM_006623.3,,phosphoglycerate dehydrogenase,
PIK3C2A,NM_002645.1,,phosphatidylinositol-4-phosphate 3-kinase catalytic subunit type 2 alpha,"phosphoinositide-3-kinase, class 2, alpha polypeptide,phosphatidylinositol-4-phosphate 3-kinase, catalytic subunit type 2 alpha"
PIK3CA,NM_006218.2,,"phosphatidylinositol-4,5-bisphosphate 3-kinase catalytic subunit alpha","phosphoinositide-3-kinase, catalytic, alpha polypeptide,phosphatidylinositol-4,5-bisphosphate 3-kinase, catalytic subunit alpha"
PIK3CB,NM_006219.1,,"phosphatidylinositol-4,5-bisphosphate 3-kinase catalytic subunit beta","PIK3C1;phosphoinositide-3-kinase, catalytic, beta polypeptide,phosphatidylinositol-4,5-bisphosphate 3-kinase, catalytic subunit beta"
PIK3CD,NM_005026.3,,"phosphatidylinositol-4,5-bisphosphate 3-kinase catalytic subunit delta","phosphoinositide-3-kinase, catalytic, delta polypeptide,phosphatidylinositol-4,5-bisphosphate 3-kinase, catalytic subunit delta"
PIK3R1,NM_181504.2,,phosphoinositide-3-kinase regulatory subunit 1,"phosphoinositide-3-kinase, regulatory subunit 1 (alpha)"
PIK3R2,NM_005027.2,,phosphoinositide-3-kinase regulatory subunit 2,"phosphoinositide-3-kinase, regulatory subunit 2 (beta)"
PIK3R3,NM_003629.3,,phosphoinositide-3-kinase regulatory subunit 3,"phosphoinositide-3-kinase, regulatory subunit 3 (gamma)"
PIK3R4,NM_014602.1,,phosphoinositide-3-kinase regulatory subunit 4,"phosphoinositide-3-kinase, regulatory subunit 4"
PKLR,NM_181871.3,,pyruvate kinase L/R,"pyruvate kinase, liver and RBC"
PKM,NM_182471.1,,pyruvate kinase M1/2,"PKM2;pyruvate kinase, muscle"
PLA2G15,NM_012320.3,,phospholipase A2 group XV,"LYPLA3;lysophospholipase 3 (lysosomal phospholipase A2),phospholipase A2, group XV"
PLCG1,NM_002660.2,,phospholipase C gamma 1,"PLC1;phospholipase C, gamma 1 (formerly subtype 148),phospholipase C, gamma 1"
PLK1,NM_005030.3,,polo like kinase 1,"PLK;polo-like kinase (Drosophila),polo-like kinase 1"
PMAIP1,NM_021127,,Phorbol-12-myristate-13-acetate-induced protein 1,
PNOC,NM_001284244.1,,prepronociceptin,
PNP,NM_000270.2,,purine nucleoside phosphorylase,NP;nucleoside phosphorylase
POLE,NM_006231.3,,"DNA polymerase epsilon, catalytic subunit","polymerase (DNA directed), epsilon,polymerase (DNA) epsilon, catalytic subunit"
PPA1,NM_021129,,Pyrophosphatase (inorganic) 1,
PPARG,NM_005037.5,,peroxisome proliferator activated receptor gamma,"peroxisome proliferative activated receptor, gamma,peroxisome proliferator-activated receptor gamma"
PPARGC1A,NM_013261.3,,PPARG coactivator 1 alpha,"PPARGC1;peroxisome proliferative activated receptor, gamma, coactivator 1,peroxisome proliferative activated receptor, gamma, coactivator 1, alpha,peroxisome proliferator-activated receptor gamma, coactivator 1 alpha"
PPAT,NM_002703.3,,phosphoribosyl pyrophosphate amidotransferase,
PPM1A,NM_021003.4,,"protein phosphatase, Mg2+/Mn2+ dependent 1A","protein phosphatase 1A (formerly 2C), magnesium-dependent, alpha isoform,protein phosphatase, Mg2+/Mn2+ dependent, 1A"
PRDX1,NM_002574.2,,peroxiredoxin 1,PAGA
PRDX5,NM_012094.4,,peroxiredoxin 5,
PRF1,NM_005041.3,,perforin 1,perforin 1 (pore forming protein)
PRIM1,NM_000946.2,,DNA primase subunit 1,"primase, DNA, polypeptide 1 (49kDa),primase (DNA) subunit 1"
PRIM2,NM_001282488.1,,DNA primase subunit 2,"PRIM2A;primase, polypeptide 2A (58kD),primase, polypeptide 2A, 58kDa,primase, DNA, polypeptide 2 (58kDa),primase (DNA) subunit 2"
PRKAA1,NM_006251.5,,protein kinase AMP-activated catalytic subunit alpha 1,"protein kinase, AMP-activated, alpha 1 catalytic subunit"
PRKAA2,NM_006252.2,,protein kinase AMP-activated catalytic subunit alpha 2,"PRKAA;protein kinase, AMP-activated, alpha 2 catalytic subunit"
PRKAB1,NM_006253.4,,protein kinase AMP-activated non-catalytic subunit beta 1,"protein kinase, AMP-activated, beta 1 non-catalytic subunit"
PRKAB2,NM_005399.3,,protein kinase AMP-activated non-catalytic subunit beta 2,"protein kinase, AMP-activated, beta 2 non-catalytic subunit"
PRKAG1,NM_002733.3,,protein kinase AMP-activated non-catalytic subunit gamma 1,"protein kinase, AMP-activated, gamma 1 non-catalytic subunit"
PRKAG2,NM_016203.3,,protein kinase AMP-activated non-catalytic subunit gamma 2,"protein kinase, AMP-activated, gamma 2 non-catalytic subunit"
PRKCG,NM_002739.3,,protein kinase C gamma,"PKCG,SCA14;protein kinase C, gamma"
PRKN,NM_004562.2,,parkin RBR E3 ubiquitin protein ligase,"PARK2;Parkinson disease (autosomal recessive, juvenile) 2, parkin,parkinson protein 2, E3 ubiquitin protein ligase (parkin)"
PRODH2,NM_021232.1,,proline dehydrogenase 2,proline dehydrogenase (oxidase) 2
PRPS1,NM_002764.3,,phosphoribosyl pyrophosphate synthetase 1,"DFN2;deafness, X-linked 2, perceptive, congenital"
PRR5,NM_015366.3,,proline rich 5,proline rich 5 (renal)
PSAT1,NM_021154.3,,phosphoserine aminotransferase 1,
PSMA3,NM_152132.1,,proteasome subunit alpha 3,"proteasome (prosome, macropain) subunit, alpha type, 3"
PSMA7,NM_002792.2,,proteasome subunit alpha 7,"proteasome (prosome, macropain) subunit, alpha type, 7"
PSMB1,NM_002793.2,,proteasome subunit beta 1,"proteasome (prosome, macropain) subunit, beta type, 1"
PSMB10,NM_002801.3,,proteasome subunit beta 10,"MECL1;proteasome (prosome, macropain) subunit, beta type, 10"
PSMB3,NM_002795.3,,proteasome subunit beta 3,"proteasome (prosome, macropain) subunit, beta type, 3"
PSMC1,NM_002802.2,,"proteasome 26S subunit, ATPase 1","proteasome (prosome, macropain) 26S subunit, ATPase, 1"
PSMD13,NM_175932.2,,"proteasome 26S subunit, non-ATPase 13","proteasome (prosome, macropain) 26S subunit, non-ATPase, 13"
PSME2,NM_002818.2,,proteasome activator subunit 2,"proteasome (prosome, macropain) activator subunit 2 (PA28 beta)"
PSPH,NM_004577.3,,phosphoserine phosphatase,PSP
PTEN,NM_000314.3,,phosphatase and tensin homolog,"BZS,MHAM"
PTGER4,NM_000958.2,,prostaglandin E receptor 4,prostaglandin E receptor 4 (subtype EP4)
PTGES,NM_004878.4,,prostaglandin E synthase,MGST1L1
PTGS1,NM_000962.2,,prostaglandin-endoperoxide synthase 1,prostaglandin-endoperoxide synthase 1 (prostaglandin G/H synthase and cyclooxygenase)
PTGS2,NM_000963.1,,prostaglandin-endoperoxide synthase 2,prostaglandin-endoperoxide synthase 2 (prostaglandin G/H synthase and cyclooxygenase)
PTK2,NM_005607.4,,protein tyrosine kinase 2,PTK2 protein tyrosine kinase 2
PTK6,NM_001256358.1,,protein tyrosine kinase 6,PTK6 protein tyrosine kinase 6
PTPN5,NM_001039970.1,,protein tyrosine phosphatase non-receptor type 5,"protein tyrosine phosphatase, non-receptor type 5 (striatum-enriched)"
PTPRC,NM_080923.2,,protein tyrosine phosphatase receptor type C,CD45
PUDP,NM_001178135.1,,pseudouridine 5'-phosphatase,"FAM16AX,HDHD1A,HDHD1;family with sequence similarity 16, member A, X-linked,haloacid dehalogenase-like hydrolase domain containing 1A,haloacid dehalogenase-like hydrolase domain containing 1"
PYCR1,NM_006907.2,,pyrroline-5-carboxylate reductase 1,
PYCR2,NM_013328.2,,pyrroline-5-carboxylate reductase 2,pyrroline-5-carboxylate reductase family member 2
PYCR3,NM_023078.2,,pyrroline-5-carboxylate reductase 3,PYCRL;pyrroline-5-carboxylate reductase-like
RAD51,NM_133487.2,,RAD51 recombinase,"RAD51A,RECA;RAD51 (S. cerevisiae) homolog (E coli RecA homolog),RAD51 homolog (RecA homolog, E. coli) (S. cerevisiae),RAD51 homolog (S. cerevisiae)"
RAD51AP1,NM_001130862.1,,RAD51 associated protein 1,
RANBP2,NM_006267.4,,RAN binding protein 2,ANE1;acute necrotizing encephalopathy 1 (autosomal dominant)
RB1CC1,NM_001083617.1,,RB1 inducible coiled-coil 1,
RBBP5,NM_005057.2,,"RB binding protein 5, histone lysine methyltransferase complex subunit","retinoblastoma-binding protein 5,retinoblastoma binding protein 5"
RBKS,NM_022128.2,,ribokinase,
RBP4,NM_006744.3,,retinol binding protein 4,"retinol-binding protein 4, plasma"
RELA,NM_021975.3,,"RELA proto-oncogene, NF-kB subunit","NFKB3;nuclear factor of kappa light polypeptide gene enhancer in B-cells 3,v-rel avian reticuloendotheliosis viral oncogene homolog A"
REST,NM_001193508.1,,RE1 silencing transcription factor,"DFNA27;RE1-silencing transcription factor,deafness, autosomal dominant 27"
RGN,NM_152869.3,,regucalcin,regucalcin (senescence marker protein-30)
RHOT1,NM_018307,,"Ras homolog gene family, member T1",
RHOT2,NM_138769,,"Ras homolog gene family, member T2",
RICTOR,NM_152756.3,,RPTOR independent companion of MTOR complex 2,"RPTOR independent companion of MTOR, complex 2"
RIMKLA,NM_173642.3,,ribosomal modification protein rimK like family member A,"FAM80A;family with sequence similarity 80, member A"
RIMKLB,NM_020734.2,,ribosomal modification protein rimK like family member B,"FAM80B;family with sequence similarity 80, member B"
RNU11,NR_004407,,RNU11,
RPIA,NM_144563.2,,ribose 5-phosphate isomerase A,
RPL23,NM_000978.3,,ribosomal protein L23,
RPLP0,NM_001002.3,,ribosomal protein lateral stalk subunit P0,"ribosomal protein, large, P0"
RPS6KA1,NM_002953.3,,ribosomal protein S6 kinase A1,"ribosomal protein S6 kinase, 90kD, polypeptide 1"
RPS6KB1,NM_003161.2,,ribosomal protein S6 kinase B1,"STK14A;ribosomal protein S6 kinase, 70kD, polypeptide 1"
RPS6KB2,NM_003952.2,,ribosomal protein S6 kinase B2,"ribosomal protein S6 kinase, 70kD, polypeptide 2"
RPTOR,NM_020761.2,,regulatory associated protein of MTOR complex 1,"regulatory associated protein of MTOR, complex 1"
RRAGC,NM_022157.2,,Ras related GTP binding C,Ras-related GTP binding C
RRM1,NM_001033.3,,ribonucleotide reductase catalytic subunit M1,ribonucleotide reductase M1 polypeptide
RRM2,NM_001034.1,,ribonucleotide reductase regulatory subunit M2,ribonucleotide reductase M2 polypeptide
RUNX1,NM_001754.4,,runt related transcription factor 1,"AML1,CBFA2;acute myeloid leukemia 1,runt-related transcription factor 1"
RUNX2,NM_001024630.3,,runt related transcription factor 2,"CCD,CBFA1,CCD1;runt-related transcription factor 2"
S100A1,NM_006271.1,,S100 calcium binding protein A1,S100A;S100 calcium-binding protein A1
S100A12,NM_005621.1,,S100 calcium binding protein A12,S100 calcium-binding protein A12 (calgranulin C)
SCD,NM_005063.4,,stearoyl-CoA desaturase,"SCDOS;stearoyl-CoA desaturase opposite strand,stearoyl-CoA desaturase (delta-9-desaturase)"
SDHA,NM_004168,,"Succinate dehydrogenase complex, subunit A, flavoprotein (Fp)",
SDHB,NM_003000.2,,succinate dehydrogenase complex iron sulfur subunit B,"SDH1,SDH;succinate dehydrogenase complex, subunit B, iron sulfur (Ip),succinate dehydrogenase complex subunit B, iron sulfur (Ip)"
SDHC,NM_001035511.1,,succinate dehydrogenase complex subunit C,"PGL3;succinate dehydrogenase complex, subunit C, integral membrane protein, 15kD,succinate dehydrogenase complex, subunit C, integral membrane protein, 15kDa"
SDHD,NM_003002,,"Succinate dehydrogenase complex, subunit D, integral membrane protein",
SDS,NM_006843.2,,serine dehydratase,
SDSL,NM_138432.2,,serine dehydratase like,serine dehydratase-like
SEC13,NM_001136026.2,,"SEC13 homolog, nuclear pore and COPII coat complex component","D3S1231E,SEC13L1;SEC13 (S. cerevisiae)-like 1,SEC13-like 1 (S. cerevisiae),SEC13 homolog (S. cerevisiae)"
SELENOK,NM_021237.3,,selenoprotein K,
SEM1,NM_001201451.1,,SEM1 26S proteasome complex subunit,"SHFD1,SHFM1,C7orf76;split hand/foot malformation (ectrodactyly) type 1,chromosome 7 open reading frame 76,SEM1, 26S proteasome complex subunit"
SERINC1,NM_020755.2,,serine incorporator 1,TDE2;tumor differentially expressed 2
SERINC2,NM_018565.3,,serine incorporator 2,TDE2L;tumor differentially expressed 2-like
SERINC3,NM_006811.2,,serine incorporator 3,TDE1;tumor differentially expressed 1
SERINC5,NM_001174071.2,,serine incorporator 5,C5orf12;chromosome 5 open reading frame 12
SFN,NM_006142,,Stratifin,
SH2D1A,NM_002351.4,,SH2 domain containing 1A,"IMD5,LYP;lymphoproliferative syndrome,SH2 domain protein 1A"
SH3GLB1,NM_016009,,SH3-domain GRB2-like endophilin B1,
SHMT1,NM_148918.1,,serine hydroxymethyltransferase 1,serine hydroxymethyltransferase 1 (soluble)
SHMT2,NM_001166356.1,,serine hydroxymethyltransferase 2,SHMT;serine hydroxymethyltransferase 2 (mitochondrial)
SIGLEC5,NM_003830.3,,sialic acid binding Ig like lectin 5,CD33L2;sialic acid binding Ig-like lectin 5
SLC16A1,NM_003051.3,,solute carrier family 16 member 1,"solute carrier family 16 (monocarboxylic acid transporters), member 1,solute carrier family 16, member 1 (monocarboxylic acid transporter 1),solute carrier family 16 (monocarboxylate transporter), member 1"
SLC16A11,NM_153357.1,,solute carrier family 16 member 11,"solute carrier family 16 (monocarboxylic acid transporters), member 11,solute carrier family 16, member 11"
SLC16A13,NM_201566.2,,solute carrier family 16 member 13,"solute carrier family 16 (monocarboxylic acid transporters), member 13,solute carrier family 16, member 13"
SLC16A2,NM_006517.3,,solute carrier family 16 member 2,"DXS128,AHDS,MRX22;solute carrier family 16 (monocarboxylic acid transporters), member 2 (putative transporter),Allan-Herndon-Dudley syndrome,solute carrier family 16 (monocarboxylic acid transporters), member 2,mental retardation, X-linked 22,solute carrier family 16, member 2 (monocarboxylic acid transporter 8),solute carrier family 16, member 2 (thyroid hormone transporter)"
SLC16A3,NM_004207.2,,solute carrier family 16 member 3,"solute carrier family 16 (monocarboxylic acid transporters), member 3,solute carrier family 16, member 3 (monocarboxylic acid transporter 4),solute carrier family 16 (monocarboxylate transporter), member 3"
SLC16A6,NM_001174166.1,,solute carrier family 16 member 6,"solute carrier family 16 (monocarboxylic acid transporters), member 6,solute carrier family 16, member 6 (monocarboxylic acid transporter 7),solute carrier family 16, member 6"
SLC16A7,NM_001270623.1,,solute carrier family 16 member 7,"solute carrier family 16 (monocarboxylic acid transporters), member 7,solute carrier family 16 (monocarboxylate transporter), member 7"
SLC16A8,NM_013356.2,,solute carrier family 16 member 8,"solute carrier 16 (monocarboxylic acid transporters), member 8,solute carrier family 16 (monocarboxylate transporter), member 8"
SLC1A5,NM_001145144.1,,solute carrier family 1 member 5,"RDRC,M7V1;solute carrier family 1 (neutral amino acid transporter), member 5"
SLC25A1,NM_005984,,"Solute carrier family 25 (mitochondrial carrier; citrate transporter), member 1",
SLC25A1,NM_005984.2,,solute carrier family 25 member 1,"SLC20A3;solute carrier family 20 (mitochondrial citrate transporter), member 3,solute carrier family 25 (mitochondrial carrier; citrate transporter), member 1"
SLC25A10,NM_012140,,"Solute carrier family 25 (mitochondrial carrier; dicarboxylate transporter), member 10",
SLC25A12,NM_003705,,"Solute carrier family 25 (mitochondrial carrier, Aralar), member 12",
SLC25A13,NM_014251,,"Solute carrier family 25, member 13 (citrin)",
SLC25A14,NM_003951,,"Solute carrier family 25 (mitochondrial carrier, brain), member 14",
SLC25A15,NM_014252,,Solute carrier family 25 (mitochondrial carrier; ornithine transporter) member 15,
SLC25A16,NM_152707,,"Solute carrier family 25 (mitochondrial carrier; Graves disease autoantigen), member 16",
SLC25A17,NM_006358,,"Solute carrier family 25 (mitochondrial carrier; peroxisomal membrane protein, 34kDa), member 17",
SLC25A19,NM_021734,,"Solute carrier family 25 (mitochondrial thiamine pyrophosphate carrier), member 19",
SLC25A2,NM_031947,,Solute carrier family 25 (mitochondrial carrier; ornithine transporter) member 2,
SLC25A20,NM_000387,,"Solute carrier family 25 (carnitine/acylcarnitine translocase), member 20",
SLC25A21,NM_030631,,"Solute carrier family 25 (mitochondrial oxodicarboxylate carrier), member 21",
SLC25A22,NM_024698,,"Solute carrier family 25 (mitochondrial carrier: glutamate), member 22",
SLC25A23,NM_024103,,"Solute carrier family 25 (mitochondrial carrier; phosphate carrier), member 23",
SLC25A24,NM_013386,,"Solute carrier family 25 (mitochondrial carrier; phosphate carrier), member 24",
SLC25A25,NM_052901,,"Solute carrier family 25 (mitochondrial carrier; phosphate carrier), member 25",
SLC25A25,NM_052901,,"Solute carrier family 25 (mitochondrial carrier; phosphate carrier), member 25",
SLC25A27,NM_004277,,"Solute carrier family 25, member 27",
SLC25A3,NM_002635,,"Solute carrier family 25 (mitochondrial carrier; phosphate carrier), member 3",
SLC25A30,NM_001010875,,"Solute carrier family 25, member 30",
SLC25A31,NM_031291,,"Solute carrier family 25 (mitochondrial carrier; adenine nucleotide translocator), member 31",
SLC25A37,NM_016612,,"Solute carrier family 25, member 37",
SLC25A4,NM_001151,,"Solute carrier family 25 (mitochondrial carrier; adenine nucleotide translocator), member 4",
SLC25A5,NM_001152,,"Solute carrier family 25 (mitochondrial carrier; adenine nucleotide translocator), member 5",
SLC27A1,NM_198580.1,,solute carrier family 27 member 1,"solute carrier family 27 (fatty acid transporter), member 1"
SLC2A1,NM_006516.2,,solute carrier family 2 member 1,"GLUT1,GLUT,HTLVR,CSE;human T-cell leukemia virus (I and II) receptor,choreoathetosis/spasticity, episodic (paroxysmal choreoathetosis/spasticity),solute carrier family 2 (facilitated glucose transporter), member 1"
SLC2A2,,,,
SLC2A14,NM_001286234.1,,solute carrier family 2 member 14,"SLC2A3P3;solute carrier family 2 (facilitated glucose transporter), member 3 pseudogene 3,solute carrier family 2 (facilitated glucose transporter), member 14"
SLC2A3,NM_006931.2,,solute carrier family 2 member 3,"GLUT3;solute carrier family 2 (facilitated glucose transporter), member 3"
SLC2A5,NM_003039.2,,solute carrier family 2 member 5,"GLUT5;solute carrier family 2 (facilitated glucose/fructose transporter), member 5"
SLC2A6,NM_001145099.1,,solute carrier family 2 member 6,"solute carrier family 2 (facilitated glucose transporter), member 6"
SLC2A8,NM_014580.3,,solute carrier family 2 member 8,"solute carrier family 2 (facilitated glucose transporter) member 8,solute carrier family 2 (facilitated glucose transporter), member 8"
SLC3A1,NM_000341.3,,solute carrier family 3 member 1,"solute carrier family 3 (cystine, dibasic and neutral amino acid transporters, activator of cystine, dibasic and neutral amino acid transport), member 1,solute carrier family 3 (amino acid transporter heavy chain), member 1"
SLC3A2,NM_001012662.2,,solute carrier family 3 member 2,"MDU1;solute carrier family 3 (activators of dibasic and neutral amino acid transport), member 2,solute carrier family 3 (amino acid transporter heavy chain), member 2"
SLC6A12,NM_003044.3,,solute carrier family 6 member 12,"solute carrier family 6 (neurotransmitter transporter, betaine/GABA), member 12,solute carrier family 6 (neurotransmitter transporter), member 12"
SLC6A18,NM_182632.2,,solute carrier family 6 member 18,"solute carrier family 6 (neurotransmitter transporter), member 18,solute carrier family 6, member 18,solute carrier family 6 (neutral amino acid transporter), member 18"
SLC6A19,NM_001003841.2,,solute carrier family 6 member 19,"solute carrier family 6 (neutral amino acid transporter), member 19"
SLC7A11,NM_014331.3,,solute carrier family 7 member 11,"solute carrier family 7 (anionic amino acid transporter light chain, xc- system), member 11"
SLC7A5,NM_003486.5,,solute carrier family 7 member 5,"solute carrier family 7 (amino acid transporter light chain, L system), member 5"
SLC7A9,NM_014270.4,,solute carrier family 7 member 9,"CSNU3;solute carrier family 7 (amino acid transporter light chain, bo,+ system), member 9"
SMAD2,NM_005901.5,,SMAD family member 2,"MADH2;MAD, mothers against decapentaplegic homolog 2 (Drosophila),SMAD, mothers against DPP homolog 2 (Drosophila)"
SMAD3,NM_005902.3,,SMAD family member 3,"MADH3;MAD, mothers against decapentaplegic homolog 3 (Drosophila),SMAD, mothers against DPP homolog 3 (Drosophila)"
SMAD4,NM_005359.3,,SMAD family member 4,"MADH4;MAD, mothers against decapentaplegic homolog 4 (Drosophila),SMAD, mothers against DPP homolog 4 (Drosophila)"
SNF8,NM_001317192.1,,SNF8 subunit of ESCRT-II,"SNF8, ESCRT-II complex subunit, homolog (S. cerevisiae)"
SOD1,NM_000454,,"Superoxide dismutase 1, soluble",
SOD1,NM_000454.4,,superoxide dismutase 1,"ALS,ALS1;amyotrophic lateral sclerosis 1 (adult),superoxide dismutase 1, soluble"
SOD2,NM_000636.2,,superoxide dismutase 2,"superoxide dismutase 2, mitochondrial"
SOD3,NM_003102.2,,superoxide dismutase 3,"superoxide dismutase 3, extracellular"
SOS1,NM_005633.2,,SOS Ras/Rac guanine nucleotide exchange factor 1,"GINGF;gingival fibromatosis, hereditary, 1,son of sevenless homolog 1 (Drosophila)"
SOS2,NM_006939.2,,SOS Ras/Rho guanine nucleotide exchange factor 2,"son of sevenless (Drosophilia) homolog 2,son of sevenless homolog 2 (Drosophila)"
SOX2,NM_003106.2,,SRY-box 2,"SRY (sex determining region Y)-box 2,SRY box 2"
SPIB,NM_003121.3,,Spi-B transcription factor,Spi-B transcription factor (Spi-1/PU.1 related)
SQSTM1,NM_003900.3,,sequestosome 1,"PDB3,OSIL;Paget disease of bone 3,oxidative stress induced like"
SREBF1,NM_001005291.1,,sterol regulatory element binding transcription factor 1,
SREBF2,NM_004599.2,,sterol regulatory element binding transcription factor 2,
SRM,NM_003132.2,,spermidine synthase,SRML1
SRR,NM_021947.1,,serine racemase,
STAM2,NM_005843.4,,signal transducing adaptor molecule 2,signal transducing adaptor molecule (SH3 domain and ITAM motif) 2
STARD3,NM_006804,,StAR-related lipid transfer (START) domain containing 3,
STAT1,NM_007315.3,,signal transducer and activator of transcription 1,"signal transducer and activator of transcription 1, 91kD,signal transducer and activator of transcription 1, 91kDa"
STAT3,NM_003150.3,,signal transducer and activator of transcription 3,signal transducer and activator of transcription 3 (acute-phase response factor)
STAT5A,NM_003152.2,,signal transducer and activator of transcription 5A,STAT5
STAT6,NM_003153.3,,signal transducer and activator of transcription 6,"signal transducer and activator of transcription 6, interleukin-4 induced"
STK11,NM_000455.4,,serine/threonine kinase 11,serine/threonine kinase 11 (Peutz-Jeghers syndrome)
STK3,NM_006281.3,,serine/threonine kinase 3,"serine/threonine kinase 3 (Ste20, yeast homolog)"
TALDO1,NM_006755.1,,transaldolase 1,
TAZ,NM_000116,,Tafazzin,
TBK1,NM_013254.2,,TANK binding kinase 1,TANK-binding kinase 1
TBX21,NM_013351.1,,T-box 21,
TBXAS1,NM_001130966.2,,thromboxane A synthase 1,"thromboxane A synthase 1 (platelet, cytochrome P450, subfamily V),thromboxane A synthase 1 (platelet)"
TCL1A,NR_049726.1,,T cell leukemia/lymphoma 1A,T-cell leukemia/lymphoma 1A
TDO2,NM_005651.2,,"tryptophan 2,3-dioxygenase",
TECR,NR_038104.1,,"trans-2,3-enoyl-CoA reductase","SC2,GPSN2;glycoprotein, synaptic 2"
TELO2,NM_016111.3,,telomere maintenance 2,"TEL2, telomere maintenance 2, homolog (S. cerevisiae)"
TET2,NM_001127208.2,,tet methylcytosine dioxygenase 2,"KIAA1546;KIAA1546,tet oncogene family member 2"
TF,NM_001063.2,,transferrin,
TFAM,NM_003201.1,,"transcription factor A, mitochondrial","TCF6,TCF6L2"
TFRC,NM_003234.1,,transferrin receptor,"transferrin receptor (p90, CD71)"
TH,NM_000360.3,,tyrosine hydroxylase,
THBS1,NM_003246.2,,thrombospondin 1,
THBS2,NM_003247.2,,thrombospondin 2,
TIGAR,NM_020375.2,,TP53 induced glycolysis regulatory phosphatase,C12orf5;chromosome 12 open reading frame 5
TIGIT,NM_173799.2,,T cell immunoreceptor with Ig and ITIM domains,"VSIG9,VSTM3;VSIG9, VSTM3"
TIMELESS,NM_003920.2,,timeless circadian regulator,"timeless (Drosophila) homolog,timeless homolog (Drosophila)"
TIMM10,NM_012456,,Translocase of inner mitochondrial membrane 10 homolog (yeast),
TIMM10B,NM_012192,,Fracture callus 1 homolog (rat),
TIMM17A,NM_006335,,Translocase of inner mitochondrial membrane 17 homolog A (yeast),
TIMM17B,NM_005834,,Translocase of inner mitochondrial membrane 17 homolog B (yeast),
TIMM22,NM_013337,,Translocase of inner mitochondrial membrane 22 homolog (yeast),
TIMM23,NM_006327,,Translocase of inner mitochondrial membrane 23 homolog (yeast),
TIMM44,NM_006351,,Translocase of inner mitochondrial membrane 44 homolog (yeast),
TIMM50,NM_001001563,,Translocase of inner mitochondrial membrane 50 homolog (S. cerevisiae),
TIMM8A,NM_004085,,Translocase of inner mitochondrial membrane 8 homolog A (yeast),
TIMM8B,NM_012459,,Translocase of inner mitochondrial membrane 8 homolog B (yeast),
TIMM9,NM_012460,,Translocase of inner mitochondrial membrane 9 homolog (yeast),
TK1,NM_003258.1,,thymidine kinase 1,"thymidine kinase 1, soluble"
TK2,NM_004614.3,,thymidine kinase 2,"thymidine kinase 2, mitochondrial"
TKT,NM_001064.2,,transketolase,
TLR10,NM_030956.2,,toll like receptor 10,toll-like receptor 10
TLR2,NM_003264.3,,toll like receptor 2,toll-like receptor 2
TLR4,NM_138554.2,,toll like receptor 4,toll-like receptor 4
TLR7,NM_016562.3,,toll like receptor 7,toll-like receptor 7
TNF,NM_000594.2,,tumor necrosis factor,"TNFA;tumor necrosis factor (TNF superfamily, member 2)"
TNFRSF17,NM_001192.2,,TNF receptor superfamily member 17,"BCMA;tumor necrosis factor receptor superfamily, member 17"
TNFRSF4,NM_003327.3,,TNF receptor superfamily member 4,"TXGP1L;tumor necrosis factor receptor superfamily, member 4"
TOMM20,NM_014765,,Translocase of outer mitochondrial membrane 20 homolog (yeast),
TOMM22,NM_020243,,Translocase of outer mitochondrial membrane 22 homolog (yeast),
TOMM34,NM_006809,,Translocase of outer mitochondrial membrane 34,
TOMM40,NM_006114,,Translocase of outer mitochondrial membrane 40 homolog (yeast),
TOMM40L,NM_032174,,Translocase of outer mitochondrial membrane 40 homolog (yeast)-like,
TOMM70A,NM_014820,,Translocase of outer mitochondrial membrane 70 homolog A (S. cerevisiae),
TP53,NM_000546,,Tumor protein p53,
TP53,NM_000546.2,,tumor protein p53,
TP63,NM_003722.4,,tumor protein p63,"TP73L,TP53L,TP53CP;tumor protein p73-like,tumor protein p53-like,tumor protein p53-competing protein"
TPH1,NM_004179.1,,tryptophan hydroxylase 1,"TPRH,TPH;tryptophan hydroxylase (tryptophan 5-monooxygenase)"
TPR,NM_003292.2,,"translocated promoter region, nuclear basket protein",translocated promoter region (to activated MET oncogene)
TPSAB1/B2,NM_003294.3,,tryptase alpha/beta 1,"TPSB1,TPS1,TPS2;tryptase beta 1"
TPX2,NM_012112.4,,TPX2 microtubule nucleation factor,"C20orf2,C20orf1;chromosome 20 open reading frame 1,TPX2, microtubule-associated, homolog (Xenopus laevis),TPX2, microtubule-associated"
TRAF1,NM_005658.3,,TNF receptor associated factor 1,
TRAF6,NM_145803.2,,TNF receptor associated factor 6,"TNF receptor-associated factor 6, E3 ubiquitin protein ligase"
TRAT1,NM_016388.2,,T cell receptor associated transmembrane adaptor 1,TCRIM;TCRIM
TSPO,NM_000714,,Translocator protein (18kDa),
TTPA,NM_000370.3,,alpha tocopherol transfer protein,"AVED;ataxia (Friedreich-like) with vitamin E deficiency,tocopherol (alpha) transfer protein"
TTR,NM_000371.3,,transthyretin,"PALB,CTS1;prealbumin, amyloidosis type I,carpal tunnel syndrome 1"
TXN,NM_003329.2,,thioredoxin,
TXN2,NM_012473.3,,thioredoxin 2,
TXNRD1,NM_001093771.1,,thioredoxin reductase 1,
TYMP,NM_001953.3,,thymidine phosphorylase,"MNGIE,ECGF1;endothelial cell growth factor 1 (platelet-derived)"
TYMS,NM_001071.2,,thymidylate synthetase,TS
UBE2C,NM_007019.2,,ubiquitin conjugating enzyme E2 C,ubiquitin-conjugating enzyme E2C
UBE2T,NM_014176.3,,ubiquitin conjugating enzyme E2 T,ubiquitin-conjugating enzyme E2T
UCK1,NM_031432.3,,uridine-cytidine kinase 1,
UCK2,NM_012474.3,,uridine-cytidine kinase 2,UMPK;uridine monophosphate kinase
UCKL1,NM_001193379.1,,uridine-cytidine kinase 1 like 1,"URKL1;uridine kinase-like 1,uridine-cytidine kinase 1-like 1"
UCP1,NM_021833,,"Uncoupling protein 1 (mitochondrial, proton carrier)",
UCP2,NM_003355,,"Uncoupling protein 2 (mitochondrial, proton carrier)",
UCP3,NM_003356,,"Uncoupling protein 3 (mitochondrial, proton carrier)",
UMPS,NM_000373.2,,uridine monophosphate synthetase,
UPP1,NM_003364.2,,uridine phosphorylase 1,UP;uridine phosphorylase
UPP2,NM_001135098.1,,uridine phosphorylase 2,
UQCR10,NM_001003684.1,,"ubiquinol-cytochrome c reductase, complex III subunit X",
UQCR11,NM_006830,,"Ubiquinol-cytochrome c reductase, complex III subunit XI",
UQCR11,NM_006830.2,,"ubiquinol-cytochrome c reductase, complex III subunit XI","UQCR;ubiquinol-cytochrome c reductase, 6.4kDa subunit"
UQCRC1,NM_003365,,Ubiquinol-cytochrome c reductase core protein I,
UQCRC2,NM_003366,,Ubiquinol-cytochrome c reductase core protein II,
UQCRFS1,NM_006003,,"Ubiquinol-cytochrome c reductase, Rieske iron-sulfur polypeptide 1",
UQCRH,NM_006004,,Ubiquinol-cytochrome c reductase hinge protein,
UQCRQ,NM_014402,,"Ubiquinol-cytochrome c reductase, complex III subunit VII, 9.5kDa",
UQCRQ,NM_014402.4,,ubiquinol-cytochrome c reductase complex III subunit VII,"ubiquinol-cytochrome c reductase, complex III subunit VII, 9.5kDa"
USP8,NM_001128610.1,,ubiquitin specific peptidase 8,ubiquitin specific protease 8
UXT,NM_004182,,Ubiquitously-expressed transcript,
VEGFA,NM_001025366.1,,vascular endothelial growth factor A,VEGF;vascular endothelial growth factor
VHL,NM_000551.2,,von Hippel-Lindau tumor suppressor,"von Hippel-Lindau syndrome,von Hippel-Lindau tumor suppressor, E3 ubiquitin protein ligase"
VPS28,NM_016208.3,,VPS28 subunit of ESCRT-I,"vacuolar protein sorting 28 (yeast),vacuolar protein sorting 28 homolog (S. cerevisiae),VPS28, ESCRT-I subunit"
WASHC4,NM_015275.1,,WASH complex subunit 4,KIAA1033;KIAA1033
WDR45,NM_007075.3,,WD repeat domain 45,"WDRX1;WD repeat domain, X-linked 1"
WNT1,NM_005430.2,,Wnt family member 1,"INT1;wingless-type MMTV integration site family, member 1"
WNT2,NM_003391.2,,Wnt family member 2,INT1L1;wingless-type MMTV integration site family member 2
WRN,NM_000553.4,,Werner syndrome RecQ like helicase,Werner syndrome
XCL1/2,NM_003175.3,,X-C motif chemokine ligand 1/2,"LTN,SCYC1;small inducible cytokine subfamily C, member 1 (lymphotactin),chemokine (C motif) ligand 1"
XDH,NM_000379.3,,xanthine dehydrogenase,xanthene dehydrogenase
XRCC2,NM_005431.1,,X-ray repair cross complementing 2,X-ray repair complementing defective repair in Chinese hamster cells 2
YWHAZ,NM_003406.2,,tyrosine 3-monooxygenase/tryptophan 5-monooxygenase activation protein zeta,"YWHAD;tyrosine 3-monooxygenase/tryptophan 5-monooxygenase activation protein, delta polypeptide,tyrosine 3-monooxygenase/tryptophan 5-monooxygenase activation protein, zeta polypeptide"
ZAP70,NM_001079.3,,zeta chain of T cell receptor associated protein kinase 70,SRK;SRK
ZNF100,NM_173531.3,,zinc finger protein 100,zinc finger protein 100 (Y1)
ZNF136,NM_003437.2,,zinc finger protein 136,zinc finger protein 136 (clone pHZ-20)
ZNF253,NM_021047.2,,zinc finger protein 253,ZNF411;zinc finger protein 411
ZNF254,NM_203282.3,,zinc finger protein 254,"ZNF91L,ZNF539;zinc finger protein 539"
ZNF43,NM_003423.2,,zinc finger protein 43,"ZNF39L1;zinc finger protein 39-like 1 (KOX 27),zinc finger protein 43 (HTF6)"
ZNF610,NM_001161427.1,,zinc finger protein 610,
ZNF675,NM_138330.2,,zinc finger protein 675,
ZNF682,NM_001077349.1,,zinc finger protein 682,
ZNF708,NM_021269.2,,zinc finger protein 708,"ZNF15,ZNF15L1;ZNF15, ZNF15L1"
ZNF85,NM_001256171.1,,zinc finger protein 85,"zinc finger protein 85 (HPF4, HTF1)"
ZNF91,NM_003430.2,,zinc finger protein 91,"zinc finger protein 91 (HPF7, HTF10)"
ZNF93,NM_031218.3,,zinc finger protein 93,"ZNF505;zinc finger protein 505,zinc finger protein 93 (HTF34)"